nombre,url nar,url db en nar,url db redirigida,urls db en nar y redirigida son distintas,categoria 1,subcategoria 1,categoria 2,subcategoria 2,categoria 3,subcategoria 3,doi,url redirigida del doi,status url db,ultima modificacion de la pagina de la db
ANISEED,https://www.oxfordjournals.org/nar/database/summary/107,http://www.aniseed.cnrs.fr,http://www.aniseed.cnrs.fr,False,Genomics Databases (non-vertebrate),Taxonomy and identification,,,,,http://dx.doi.org/10.1093/nar/gkx1108,http://academic.oup.com/nar/article/46/D1/D718/4628129,200,
ANISEED,https://www.oxfordjournals.org/nar/database/summary/1875,http://www.aniseed.cnrs.fr,http://www.aniseed.cnrs.fr,False,Genomics Databases (non-vertebrate),Invertebrate genome databases,,,,,http://dx.doi.org/10.1093/nar/gkv966,https://academic.oup.com/nar/article-lookup/doi/10.1093/nar/gkv966,200,
,,,,,,,,,,,,,,
APPRIS,https://www.oxfordjournals.org/nar/database/summary/1588,http://appris.bioinfo.cnio.es/,https://appris.bioinfo.cnio.es/,True,Nucleotide Sequence Databases,"Gene structure, introns and exons, splice sites",,,,,http://dx.doi.org/10.1093/nar/gks1058,http://academic.oup.com/nar/article/41/D1/D110/1054030/APPRIS-annotation-of-principal-and-alternative,200,01 Jun 2021
APPRIS,https://www.oxfordjournals.org/nar/database/summary/33,http://appris-tools.org,,,Nucleotide Sequence Databases,"Gene structure, introns and exons, splice sites",,,,,http://dx.doi.org/10.1093/nar/gkx997,http://academic.oup.com/nar/article/46/D1/D213/4561658,<urlopen error timed out>,
,,,,,,,,,,,,,,
ARED,https://www.oxfordjournals.org/nar/database/summary/232,http://brp.kfshrc.edu.sa/ARED/,https://brp.kfshrc.edu.sa/ARED/,True,RNA sequence databases,,,,,,,,200,
ARED-Plus,https://www.oxfordjournals.org/nar/database/summary/34,http://brp.kfshrc.edu.sa/ared,https://brp.kfshrc.edu.sa/ared,True,Nucleotide Sequence Databases,,,,,,http://dx.doi.org/10.1093/nar/gkx975,http://academic.oup.com/nar/article/46/D1/D218/4564798,200,
,,,,,,,,,,,,,,
ASpedia,https://www.oxfordjournals.org/nar/database/summary/10,http://combio.snu.ac.kr/aspedia,http://combio.snu.ac.kr/aspedia/,True,,,,,,,http://dx.doi.org/10.1093/nar/gkx1014,http://academic.oup.com/nar/article/46/D1/D58/4584641,200,
TRRUST v2,https://www.oxfordjournals.org/nar/database/summary/58,http://combio.snu.ac.kr/aspedia,http://combio.snu.ac.kr/aspedia/,True,,,,,,,http://dx.doi.org/10.1093/nar/gkx1013,http://academic.oup.com/nar/article/46/D1/D380/4566018,200,
,,,,,,,,,,,,,,
AutDB,https://www.oxfordjournals.org/nar/database/summary/1274,http://autism.mindspec.org/autdb/Welcome.do,http://autism.mindspec.org/autdb/Welcome.do,False,Human Genes and Diseases,"Gene-, system- or disease-specific databases",,,,,,,200,
AutDB,https://www.oxfordjournals.org/nar/database/summary/152,http://autism.mindspec.org/autdb/Welcome.do,http://autism.mindspec.org/autdb/Welcome.do,False,,,,,,,http://dx.doi.org/10.1093/nar/gkx1093,http://academic.oup.com/nar/article/46/D1/D1049/4658829,200,
,,,,,,,,,,,,,,
BCCTBbp,https://www.oxfordjournals.org/nar/database/summary/1801,http://bioinformatics.breastcancertissuebank.org,,,Human Genes and Diseases,Cancer gene databases,,,,,http://dx.doi.org/10.1093/nar/gku984,http://academic.oup.com/nar/article/43/D1/D831/2439749/BCCTBbp-the-Breast-Cancer-Campaign-Tissue-Bank,<urlopen error [Errno 113] No route to host>,
BCNTB bioinformatics,https://www.oxfordjournals.org/nar/database/summary/153,http://bioinformatics.breastcancertissuebank.org/,,,Human Genes and Diseases,"Gene-, system- or disease-specific databases",,,,,http://dx.doi.org/10.1093/nar/gkx913,http://academic.oup.com/nar/article/46/D1/D1055/4372709,<urlopen error [Errno 113] No route to host>,
,,,,,,,,,,,,,,
BIG Data Center,https://www.oxfordjournals.org/nar/database/summary/3,http://bigd.big.ac.cn,,,,,,,,,http://dx.doi.org/10.1093/nar/gkz913,https://academic.oup.com/nar/advance-article/doi/10.1093/nar/gkz913/5614641,Remote end closed connection without response,
National Genomics Data Center,https://www.oxfordjournals.org/nar/database/summary/2272,http://bigd.big.ac.cn,,,,,,,,,https://doi.org/10.1093/nar/gkaa1022,https://academic.oup.com/nar/article/49/D1/D18/5974090,Remote end closed connection without response,
,,,,,,,,,,,,,,
Bacterial CSDB (BCSDB),https://www.oxfordjournals.org/nar/database/summary/977,http://csdb.glycoscience.ru/bacterial/,http://csdb.glycoscience.ru/help/migrate.html,True,Structure Databases,Carbohydrates,,,,,,,200,02 Oct 2021
PFCSDB,https://www.oxfordjournals.org/nar/database/summary/1998,http://csdb.glycoscience.ru/plant_fungal/,http://csdb.glycoscience.ru/help/migrate.html,True,Structure Databases,Carbohydrates,,,,,http://dx.doi.org/10.1093/nar/gkv840,https://academic.oup.com/nar/article-lookup/doi/10.1093/nar/gkv840,200,02 Oct 2021
,,,,,,,,,,,,,,
BioModels,https://www.oxfordjournals.org/nar/database/summary/801,http://www.ebi.ac.uk/biomodels/,https://www.ebi.ac.uk/biomodels/,True,Other Molecular Biology Databases,,,,,,http://dx.doi.org/10.1093/nar/,,200,
Biomodels,https://www.oxfordjournals.org/nar/database/summary/178,http://www.ebi.ac.uk/biomodels,https://www.ebi.ac.uk/biomodels/,True,Other Molecular Biology Databases,,,,,,http://dx.doi.org/10.1093/nar/gkx1023,http://academic.oup.com/nar/article/46/D1/D1248/4584626,200,
,,,,,,,,,,,,,,
BioStudies,https://www.oxfordjournals.org/nar/database/summary/181,https://www.ebi.ac.uk/biostudies/,https://www.ebi.ac.uk/biostudies/,False,,,,,,,http://dx.doi.org/10.1093/nar/gkx965,http://academic.oup.com/nar/article/46/D1/D1266/4561649,200,
BioStudies,https://www.oxfordjournals.org/nar/database/summary/338,https://www.ebi.ac.uk/biostudies,https://www.ebi.ac.uk/biostudies/,True,Microarray Data and other Gene Expression Databases,,,,,,http://dx.doi.org/10.1093/nar/gkaa1062,https://academic.oup.com/nar/article/49/D1/D1502/5992288,200,
,,,,,,,,,,,,,,
CCDS,https://www.oxfordjournals.org/nar/database/summary/35,https://www.ncbi.nlm.nih.gov/CCDS/CcdsBrowse.cgi and ftp://ftp.ncbi.nlm.nih.gov/pub/CCDS/,,,,,,,,,http://dx.doi.org/10.1093/nar/gkx1031,http://academic.oup.com/nar/article/46/D1/D221/4595661,URL can't contain control characters. '/CCDS/CcdsBrowse.cgi and ftp://ftp.ncbi.nlm.nih.gov/pub/CCDS/' (found at least ' '),
CCDS,https://www.oxfordjournals.org/nar/database/summary/911,http://www.ncbi.nlm.nih.gov/CCDS/,https://www.ncbi.nlm.nih.gov/projects/CCDS/CcdsBrowse.cgi,True,Human and other Vertebrate Genomes,"Model organisms, comparative genomics",,,,,http://dx.doi.org/10.1093/nar/gkt1059,https://academic.oup.com/nar/article-lookup/doi/10.1093/nar/gkt1059,200,
,,,,,,,,,,,,,,
CSVS,https://www.oxfordjournals.org/nar/database/summary/2230,http://csvs.babelomics.org/,http://csvs.babelomics.org/,False,,,,,,,https://doi.org/10.1093/nar/gkaa794,https://academic.oup.com/nar/article/49/D1/D1130/5912819,200,16 Feb 2021
CSVS - The Collaborative Spanish Variability Server,https://www.oxfordjournals.org/nar/database/summary/2101,http://csvs.babelomics.org/,http://csvs.babelomics.org/,False,Human Genes and Diseases,General human genetics databases,,,,,http://dx.doi.org/10.1093/nar/gkaa762,https://academic.oup.com/nar/article/49/D1/D1029/5911746,200,16 Feb 2021
STAB,https://www.oxfordjournals.org/nar/database/summary/2100,http://stab.comp-sysbio.org,http://stab.comp-sysbio.org,False,Microarray Data and other Gene Expression Databases,,,,,,http://dx.doi.org/10.1093/nar/gkaa762,https://academic.oup.com/nar/article/49/D1/D1029/5911746,200,19 Jul 2021
,,,,,,,,,,,,,,
Carbohydrate Structure Database (CSDB),https://www.oxfordjournals.org/nar/database/summary/1904,http://csdb.glycoscience.ru/database,http://csdb.glycoscience.ru/database/,True,Structure Databases,Carbohydrates,,,,,http://dx.doi.org/10.1093/nar/gkv840,https://academic.oup.com/nar/article-lookup/doi/10.1093/nar/gkv840,200,23 Feb 2019
PFCSDB,https://www.oxfordjournals.org/nar/database/summary/1998,http://csdb.glycoscience.ru/plant_fungal/,http://csdb.glycoscience.ru/help/migrate.html,True,Structure Databases,Carbohydrates,,,,,http://dx.doi.org/10.1093/nar/gkv840,https://academic.oup.com/nar/article-lookup/doi/10.1093/nar/gkv840,200,02 Oct 2021
,,,,,,,,,,,,,,
ClinVar,https://www.oxfordjournals.org/nar/database/summary/154,https://www.ncbi.nlm.nih.gov/clinvar/,https://www.ncbi.nlm.nih.gov/clinvar/,False,Human Genes and Diseases,Cancer gene databases,,,,,http://dx.doi.org/10.1093/nar/gkx1153,http://academic.oup.com/nar/article/46/D1/D1062/4641904,200,
ClinVar,https://www.oxfordjournals.org/nar/database/summary/1570,http://www.ncbi.nlm.nih.gov/clinvar/,https://www.ncbi.nlm.nih.gov/clinvar/,True,Human Genes and Diseases,General polymorphism databases,,,,,http://dx.doi.org/10.1093/nar/gkt1113,https://academic.oup.com/nar/article-lookup/doi/10.1093/nar/gkt1113,200,
,,,,,,,,,,,,,,
DBTSS,https://www.oxfordjournals.org/nar/database/summary/591,http://dbtss.hgc.jp/,https://dbtss.hgc.jp/,True,Nucleotide Sequence Databases,Transcriptional regulator sites and transcription factors,,,,,http://dx.doi.org/10.1093/nar/gku1080,http://academic.oup.com/nar/article/43/D1/D87/2437396/DBTSS-as-an-integrative-platform-for-transcriptome,200,13 Apr 2020
DBTSS/DBKERO,https://www.oxfordjournals.org/nar/database/summary/36,http://dbtss.hgc.jp/,https://dbtss.hgc.jp/,True,Nucleotide Sequence Databases,Transcriptional regulator sites and transcription factors,,,,,http://dx.doi.org/10.1093/nar/gkx1001,http://academic.oup.com/nar/article/46/D1/D229/4602866,200,13 Apr 2020
,,,,,,,,,,,,,,
DDBJ,https://www.oxfordjournals.org/nar/database/summary/1,http://www.ddbj.nig.ac.jp,https://www.ddbj.nig.ac.jp/index-e.html,True,Nucleotide Sequence Databases,International Nucleotide Sequence Database Collaboration,,,,,https://doi.org/10.1093/nar/gkz982,https://academic.oup.com/nar/advance-article/doi/10.1093/nar/gkz982/5625536,200,19 May 2022
DDBJ,https://www.oxfordjournals.org/nar/database/summary/2234,http://www.ddbj.nig.ac.jp,https://www.ddbj.nig.ac.jp/index-e.html,True,,,,,,,https://doi.org/10.1093/nar/gkaa982,https://academic.oup.com/nar/article/49/D1/D71/5958489,200,19 May 2022
DDBJ Database updates and computational infrastructure enhancement,https://www.oxfordjournals.org/nar/database/summary/5,http://www.ddbj.nig.ac.jp,https://www.ddbj.nig.ac.jp/index-e.html,True,,,,,,,http://dx.doi.org/10.1093/nar/gkz982,https://academic.oup.com/nar/advance-article/doi/10.1093/nar/gkz982/5625536,200,19 May 2022
,,,,,,,,,,,,,,
DEG,https://www.oxfordjournals.org/nar/database/summary/2205,http://origin.tubic.org/deg/,http://origin.tubic.org/deg/public/index.php,True,,,,,,,https://doi.org/10.1093/nar/gkaa917,https://academic.oup.com/nar/article/49/D1/D677/5937083,200,
DEG - Database of Essential Genes,https://www.oxfordjournals.org/nar/database/summary/445,http://www.essentialgene.org,http://origin.tubic.org/deg/public/index.php,True,Genomics Databases (non-vertebrate),Prokaryotic genome databases,,,,,http://dx.doi.org/10.1093/nar/gkt1131,https://academic.oup.com/nar/article-lookup/doi/10.1093/nar/gkt1131,200,
,,,,,,,,,,,,,,
DGIdb,https://www.oxfordjournals.org/nar/database/summary/155,http://www.dgidb.org/,https://www.dgidb.org/,True,Human Genes and Diseases,General polymorphism databases,,,,,http://dx.doi.org/10.1093/nar/gkx1143,https://academic.oup.com/nar/article/46/D1/D1068/4634012,200,
DGIdb,https://www.oxfordjournals.org/nar/database/summary/1893,http://dgidb.genome.wustl.edu,https://dgidb.genome.wustl.edu/,True,Other Molecular Biology Databases,Drugs and drug design,,,,,http://dx.doi.org/10.1093/nar/gkv1165,https://academic.oup.com/nar/article-lookup/doi/10.1093/nar/gkv1165,200,
DGIdb,https://www.oxfordjournals.org/nar/database/summary/2206,http://www.dgidb.org/,https://www.dgidb.org/,True,,,,,,,https://doi.org/10.1093/nar/gkaa1084,https://academic.oup.com/nar/article/49/D1/D1144/6006193,200,
,,,,,,,,,,,,,,
DrugBank,https://www.oxfordjournals.org/nar/database/summary/156,https://www.drugbank.ca/,,,Other Molecular Biology Databases,Drugs and drug design,,,,,http://dx.doi.org/10.1093/nar/gkx1037,http://academic.oup.com/nar/article/46/D1/D1074/4602867,HTTP Error 403: Forbidden,
DrugBank,https://www.oxfordjournals.org/nar/database/summary/811,http://www.drugbank.ca/,,,Other Molecular Biology Databases,Drugs and drug design,,,,,http://dx.doi.org/10.1093/nar/gkt1068,https://academic.oup.com/nar/article-lookup/doi/10.1093/nar/gkt1068,HTTP Error 403: Forbidden,
,,,,,,,,,,,,,,
EBI Metagenomics,https://www.oxfordjournals.org/nar/database/summary/108,http://www.ebi.ac.uk/metagenomics,https://www.ebi.ac.uk/metagenomics/,True,Genomics Databases (non-vertebrate),Fungal genome databases,,,,,http://dx.doi.org/10.1093/nar/gkx967,http://academic.oup.com/nar/article/46/D1/D726/4561650,200,18 May 2022
EBI Metagenomics,https://www.oxfordjournals.org/nar/database/summary/1695,https://www.ebi.ac.uk/metagenomics/,https://www.ebi.ac.uk/metagenomics/,False,Genomics Databases (non-vertebrate),Taxonomy and identification,,,,,http://dx.doi.org/10.1093/nar/gkv1195,https://academic.oup.com/nar/article-lookup/doi/10.1093/nar/gkv1195,200,18 May 2022
,,,,,,,,,,,,,,
EBI resources,https://www.oxfordjournals.org/nar/database/summary/2241,http://www.ebi.ac.uk,https://www.ebi.ac.uk/,True,,,,,,,https://doi.org/10.1093/nar/gkaa1077,https://academic.oup.com/nar/article/49/D1/D29/6007661,200,23 May 2022
The European Bioinformatics Institute Tools,https://www.oxfordjournals.org/nar/database/summary/4,http://www.ebi.ac.uk,https://www.ebi.ac.uk/,True,,,,,,,http://dx.doi.org/10.1093/nar/gkz1033,https://academic.oup.com/nar/article/48/D1/D17/5614565,200,23 May 2022
,,,,,,,,,,,,,,
ELM,https://www.oxfordjournals.org/nar/database/summary/65,http://elm.eu.org,http://elm.eu.org,False,Structure Databases,Protein structure,,,,,http://dx.doi.org/10.1093/nar/gkx1077,http://academic.oup.com/nar/article/46/D1/D428/4612965,200,
ELM - Eukaryotic Linear Motif: functional sites in eukaryotic proteins,https://www.oxfordjournals.org/nar/database/summary/187,http://elm.eu.org/,http://elm.eu.org/,False,Protein sequence databases,Protein sequence motifs and active sites,,,,,http://dx.doi.org/10.1093/nar/gkt1047,https://academic.oup.com/nar/article-lookup/doi/10.1093/nar/gkt1047,200,
,,,,,,,,,,,,,,
ENCODE,https://www.oxfordjournals.org/nar/database/summary/118,https://www.encodeproject.org/,https://www.encodeproject.org/,False,,,,,,,http://dx.doi.org/10.1093/nar/gkx1081,http://academic.oup.com/nar/article/46/D1/D794/4595865,200,
ENCODE DCC,https://www.oxfordjournals.org/nar/database/summary/1869,http://www.encodeproject.org,https://www.encodeproject.org/,True,Human and other Vertebrate Genomes,"Human genome databases, maps and viewers",,,,,http://dx.doi.org/10.1093/nar/gkv1160,https://academic.oup.com/nar/article-lookup/doi/10.1093/nar/gkv1160,200,
,,,,,,,,,,,,,,
ENdb: a manually curated database of experimentally supported enhancers for human and mouse,https://www.oxfordjournals.org/nar/database/summary/2013,http://www.licpathway.net/ENdb,http://www.licpathway.net/ENdb/,True,,,,,,,http://dx.doi.org/10.1093/nar/gkz973,https://academic.oup.com/nar/advance-article/doi/10.1093/nar/gkz973/5608998,200,
ENdb: a manually curated database of experimentally supported enhancers for human and mouse,https://www.oxfordjournals.org/nar/database/summary/2019,http://www.licpathway.net/ENdb,http://www.licpathway.net/ENdb/,True,,,,,,,http://dx.doi.org/10.1093/nar/gkz973,https://academic.oup.com/nar/advance-article/doi/10.1093/nar/gkz973/5608998,200,
,,,,,,,,,,,,,,
Enzyme Nomenclature,https://www.oxfordjournals.org/nar/database/summary/459,http://www.chem.qmul.ac.uk/iubmb/enzyme/,https://www.qmul.ac.uk/undergraduate/coursefinder/courses/2022/chemistry/,True,Metabolic and Signaling Pathways,Enzymes and enzyme nomenclature,,,,,,,200,20 May 2022
IUBMB Nomenclature database,https://www.oxfordjournals.org/nar/database/summary/513,http://www.chem.qmul.ac.uk/iubmb/,https://www.qmul.ac.uk/undergraduate/coursefinder/courses/2022/chemistry/,True,Genomics Databases (non-vertebrate),"Genome annotation terms, ontologies and nomenclature",,,,,,,200,20 May 2022
IUPAC Nomenclature database,https://www.oxfordjournals.org/nar/database/summary/514,http://www.chem.qmul.ac.uk/iupac/,https://www.qmul.ac.uk/undergraduate/coursefinder/courses/2022/chemistry/,True,Genomics Databases (non-vertebrate),"Genome annotation terms, ontologies and nomenclature",,,,,,,200,20 May 2022
,,,,,,,,,,,,,,
Europe PMC,https://www.oxfordjournals.org/nar/database/summary/179,https://europepmc.org,https://europepmc.org,False,Other Molecular Biology Databases,,,,,,http://dx.doi.org/10.1093/nar/gkx1005,http://academic.oup.com/nar/article/46/D1/D1254/4637578,200,
Europe PubMed Central,https://www.oxfordjournals.org/nar/database/summary/1453,http://europepmc.org/,http://europepmc.org/,False,Other Molecular Biology Databases,,,,,,http://dx.doi.org/10.1093/nar/gku1061,https://academic.oup.com/nar/article/43/D1/D1042/2437114,200,
,,,,,,,,,,,,,,
European Nucleotide Archive,https://www.oxfordjournals.org/nar/database/summary/2242,https://www.ebi.ac.uk/ena,https://www.ebi.ac.uk/ena/browser/,True,,,,,,,https://doi.org/10.1093/nar/gkaa1028,https://academic.oup.com/nar/article/49/D1/D82/5974094,200,16 May 2022
European Nucleotide Archive,https://www.oxfordjournals.org/nar/database/summary/6,http://proteininformationresource.org/iPTMnet,https://proteininformationresource.org/iPTMnet/,True,Nucleotide Sequence Databases,International Nucleotide Sequence Database Collaboration,,,,,https://doi.org/10.1093/nar/gkz1063,https://academic.oup.com/nar/advance-article/doi/10.1093/nar/gkz1063/5624970,200,24 May 2014
,,,,,,,,,,,,,,
ExAC browser,https://www.oxfordjournals.org/nar/database/summary/1968,http://exac.broadinstitute.org,https://exac.broadinstitute.org:443/,True,Human Genes and Diseases,General polymorphism databases,,,,,http://dx.doi.org/10.1093/nar/1968,,200,21 Jan 2022
Exome Aggregation Consortium,https://www.oxfordjournals.org/nar/database/summary/1758,http://exac.broadinstitute.org/,https://exac.broadinstitute.org:443/,True,Human Genes and Diseases,General human genetics databases,,,,,,,200,21 Jan 2022
,,,,,,,,,,,,,,
Expression Atlas,https://www.oxfordjournals.org/nar/database/summary/1294,http://www.ebi.ac.uk/gxa,https://www.ebi.ac.uk/gxa/home,True,Microarray Data and other Gene Expression Databases,,,,,,http://dx.doi.org/10.1093/nar/gkt1270,https://academic.oup.com/nar/article-lookup/doi/10.1093/nar/gkt1270,200,
Expression Atlas,https://www.oxfordjournals.org/nar/database/summary/38,http://www.ebi.ac.uk/gxa,https://www.ebi.ac.uk/gxa/home,True,Microarray Data and other Gene Expression Databases,,,,,,http://dx.doi.org/10.1093/nar/gkx1158,http://academic.oup.com/nar/article/46/D1/D246/4641906,200,
,,,,,,,,,,,,,,
FunCoup,https://www.oxfordjournals.org/nar/database/summary/1521,http://funcoup.sbc.su.se/,https://funcoup5.scilifelab.se/search/,True,Metabolic and Signaling Pathways,Protein-protein interactions,,,,,http://dx.doi.org/10.1093/nar/gkt984,https://academic.oup.com/nar/article-lookup/doi/10.1093/nar/gkt984,200,
FunCoup,https://www.oxfordjournals.org/nar/database/summary/91,http://funcoup.sbc.su.se,https://funcoup5.scilifelab.se/search/,True,Metabolic and Signaling Pathways,,,,,,http://dx.doi.org/10.1093/nar/gkx1138,http://academic.oup.com/nar/article/46/D1/D601/4641901,200,
,,,,,,,,,,,,,,
GWIPS-viz,https://www.oxfordjournals.org/nar/database/summary/122,http://gwips.ucc.ie,,,Human and other Vertebrate Genomes,,,,,,http://dx.doi.org/10.1093/nar/gkx790,http://academic.oup.com/nar/article/46/D1/D823/4103596,<urlopen error [SSL: CERTIFICATE_VERIFY_FAILED] certificate verify failed: unable to get local issuer certificate (_ssl.c:1123)>,
GWIPS-viz,https://www.oxfordjournals.org/nar/database/summary/1715,http://gwips.ucc.ie,,,Human and other Vertebrate Genomes,"Human genome databases, maps and viewers",,,,,http://dx.doi.org/10.1093/nar/gkt1035,https://academic.oup.com/nar/article-lookup/doi/10.1093/nar/gkt1035,<urlopen error [SSL: CERTIFICATE_VERIFY_FAILED] certificate verify failed: unable to get local issuer certificate (_ssl.c:1123)>,
,,,,,,,,,,,,,,
GenBank,https://www.oxfordjournals.org/nar/database/summary/2245,www.ncbi.nlm.nih.gov/genbank/,,,,,,,,,https://doi.org/10.1093/nar/gkaa1023,https://academic.oup.com/nar/article/49/D1/D92/5983623,unknown url type: 'www.ncbi.nlm.nih.gov/genbank/',
GenBank,https://www.oxfordjournals.org/nar/database/summary/7,www.ncbi.nlm.nih.gov/genbank/,,,Nucleotide Sequence Databases,International Nucleotide Sequence Database Collaboration,,,,,https://doi.org/10.1093/nar/gkz956,https://academic.oup.com/nar/advance-article/doi/10.1093/nar/gkz956/5608994,unknown url type: 'www.ncbi.nlm.nih.gov/genbank/',
,,,,,,,,,,,,,,
Gene3D,https://www.oxfordjournals.org/nar/database/summary/472,http://gene3d.biochem.ucl.ac.uk/Gene3D/,,,Structure Databases,Protein structure,,,,,http://dx.doi.org/10.1093/nar/gkt1205,https://academic.oup.com/nar/article-lookup/doi/10.1093/nar/gkt1205,HTTP Error 503: Service Temporarily Unavailable,
Gene3D,https://www.oxfordjournals.org/nar/database/summary/66,http://gene3d.biochem.ucl.ac.uk,,,Protein sequence databases,Databases of individual protein families,,,,,http://dx.doi.org/10.1093/nar/gkx1069,http://academic.oup.com/nar/article/46/D1/D435/4588111,HTTP Error 503: Service Temporarily Unavailable,
Genomic Threading Database,https://www.oxfordjournals.org/nar/database/summary/489,http://gene3d.biochem.ucl.ac.uk/Gene3D/,,,Structure Databases,Protein structure,,,,,,,HTTP Error 503: Service Temporarily Unavailable,
,,,,,,,,,,,,,,
Genomicus,https://www.oxfordjournals.org/nar/database/summary/121,http://genomicus.biologie.ens.fr/genomicus,https://www.genomicus.bio.ens.psl.eu/genomicus-106.01/cgi-bin/search.pl,True,Genomics Databases (non-vertebrate),"Model organisms, comparative genomics",,,,,http://dx.doi.org/10.1093/nar/gkx1003,http://academic.oup.com/nar/article/46/D1/D816/4566017,200,
Genomicus,https://www.oxfordjournals.org/nar/database/summary/1669,http://www.genomicus.biologie.ens.fr/,https://www.genomicus.bio.ens.psl.eu/,True,Human and other Vertebrate Genomes,"Model organisms, comparative genomics",,,,,http://dx.doi.org/10.1093/nar/gku1112,http://academic.oup.com/nar/article/43/D1/D682/2437619/Genomicus-update-2015-KaryoView-and-MatrixView,200,04 Mar 2013
,,,,,,,,,,,,,,
Gramene,https://www.oxfordjournals.org/nar/database/summary/169,http://www.gramene.org,https://www.gramene.org/,True,Protein sequence databases,,,,,,https://doi.org/10.1093/nar/gkaa979,https://academic.oup.com/nar/article/49/D1/D1452/5973447,200,05 May 2022
Gramene,https://www.oxfordjournals.org/nar/database/summary/607,http://www.gramene.org/,https://www.gramene.org/,True,Plant databases,General plant databases,,,,,http://dx.doi.org/10.1093/nar/gkt1110,https://academic.oup.com/nar/article-lookup/doi/10.1093/nar/gkt1110,200,05 May 2022
,,,,,,,,,,,,,,
HAGR,https://www.oxfordjournals.org/nar/database/summary/157,http://genomics.senescence.info/,https://genomics.senescence.info/,True,Other Molecular Biology Databases,Drugs and drug design,,,,,http://dx.doi.org/10.1093/nar/gkx1042,http://academic.oup.com/nar/article/46/D1/D1083/4599180,200,
HAGR - Human Ageing Genomic Resources,https://www.oxfordjournals.org/nar/database/summary/680,http://genomics.senescence.info/,https://genomics.senescence.info/,True,Human Genes and Diseases,General human genetics databases,,,,,http://dx.doi.org/10.1093/nar/gks1155,http://academic.oup.com/nar/article/41/D1/D1027/1063611/Human-Ageing-Genomic-Resources-Integrated,200,
,,,,,,,,,,,,,,
HMDB,https://www.oxfordjournals.org/nar/database/summary/92,http://www.hmdb.ca,https://hmdb.ca/,True,Metabolic and Signaling Pathways,Enzymes and enzyme nomenclature,,,,,http://dx.doi.org/10.1093/nar/gkx1089,http://academic.oup.com/nar/article/46/D1/D608/4616873,200,
HMDB - The Human Metabolome Database,https://www.oxfordjournals.org/nar/database/summary/991,http://www.hmdb.ca/,https://hmdb.ca/,True,Metabolic and Signaling Pathways,Metabolic pathways,,,,,http://dx.doi.org/10.1093/nar/gks1065,http://academic.oup.com/nar/article/41/D1/D801/1055560/HMDB-30The-Human-Metabolome-Database-in-2013,200,
,,,,,,,,,,,,,,
HOCOMOCO,https://www.oxfordjournals.org/nar/database/summary/1596,"http://autosome.ru/HOCOMOCO, http://cbrc.kaust.edu.sa/hocomoco/",,,Nucleotide Sequence Databases,Transcriptional regulator sites and transcription factors,,,,,http://dx.doi.org/10.1093/nar/gks1089,http://academic.oup.com/nar/article/41/D1/D195/1056610/HOCOMOCO-a-comprehensive-collection-of-human,"URL can't contain control characters. '/HOCOMOCO, http://cbrc.kaust.edu.sa/hocomoco/' (found at least ' ')",
HOCOMOCO,https://www.oxfordjournals.org/nar/database/summary/39,http://hocomoco.autosome.ru/ and http://www.cbrc.kaust.edu.sa/hocomoco11/,,,Nucleotide Sequence Databases,Transcriptional regulator sites and transcription factors,,,,,http://dx.doi.org/10.1093/nar/gkx1106,http://academic.oup.com/nar/article/46/D1/D252/4616875,URL can't contain control characters. '/ and http://www.cbrc.kaust.edu.sa/hocomoco11/' (found at least ' '),
,,,,,,,,,,,,,,
Human OligoGenome Resource,https://www.oxfordjournals.org/nar/database/summary/1549,http://oligogenome.stanford.edu/,,,Other Molecular Biology Databases,Molecular probes and primers,,,,,http://dx.doi.org/10.1093/nar/GKR973,https://academic.oup.com/nar/article-lookup/doi/10.1093/nar/gkr973,<urlopen error timed out>,
SuperTarget,https://www.oxfordjournals.org/nar/database/summary/1136,http://insilico.charite.de/supertarget/,,,Other Molecular Biology Databases,Drugs and drug design,,,,,http://dx.doi.org/10.1093/nar/GKR973,https://academic.oup.com/nar/article-lookup/doi/10.1093/nar/gkr973,<urlopen error [Errno -2] Name or service not known>,
,,,,,,,,,,,,,,
IKMC,https://www.oxfordjournals.org/nar/database/summary/1316,http://www.knockoutmouse.org/,https://www.mousephenotype.org/,True,Human and other Vertebrate Genomes,"Model organisms, comparative genomics",,,,,http://dx.doi.org/10.1093/nar/gkq879,https://academic.oup.com/nar/article-lookup/doi/10.1093/nar/gkq879,200,23 May 2022
IMPC,https://www.oxfordjournals.org/nar/database/summary/1711,http://www.mousephenotype.org,https://www.mousephenotype.org/,True,Human and other Vertebrate Genomes,"Model organisms, comparative genomics",,,,,http://dx.doi.org/10.1093/nar/gkt977,https://academic.oup.com/nar/article-lookup/doi/10.1093/nar/gkt977,200,23 May 2022
International Mouse Phenotyping Consortium Database,https://www.oxfordjournals.org/nar/database/summary/1071,https://www.mousephenotype.org/,https://www.mousephenotype.org/,False,Human and other Vertebrate Genomes,"Model organisms, comparative genomics",,,,,,,200,23 May 2022
,,,,,,,,,,,,,,
IMGT/3Dstructure-DB,https://www.oxfordjournals.org/nar/database/summary/502,http://www.imgt.org/,https://www.imgt.org/,True,Structure Databases,Protein structure,,,,,http://dx.doi.org/10.1093/nar/gkp946,https://academic.oup.com/nar/article-lookup/doi/10.1093/nar/gkp946,200,
IMGT/PRIMER-DB,https://www.oxfordjournals.org/nar/database/summary/505,http://www.imgt.org/,https://www.imgt.org/,True,Other Molecular Biology Databases,Molecular probes and primers,,,,,,,200,
IMGT/mAb-DB,https://www.oxfordjournals.org/nar/database/summary/1782,http://www.imgt.org,https://www.imgt.org/,True,Immunological databases,,,,,,http://dx.doi.org/10.1093/nar/gku1056,http://academic.oup.com/nar/article/43/D1/D413/2436677/IMGT-the-international-ImMunoGeneTics-information,200,
,,,,,,,,,,,,,,
IMPC,https://www.oxfordjournals.org/nar/database/summary/1711,http://www.mousephenotype.org,https://www.mousephenotype.org/,True,Human and other Vertebrate Genomes,"Model organisms, comparative genomics",,,,,http://dx.doi.org/10.1093/nar/gkt977,https://academic.oup.com/nar/article-lookup/doi/10.1093/nar/gkt977,200,23 May 2022
International Mouse Phenotyping Consortium Database,https://www.oxfordjournals.org/nar/database/summary/1071,https://www.mousephenotype.org/,https://www.mousephenotype.org/,False,Human and other Vertebrate Genomes,"Model organisms, comparative genomics",,,,,,,200,23 May 2022
,,,,,,,,,,,,,,
IUPHAR/BPS Guide to Pharmacology,https://www.oxfordjournals.org/nar/database/summary/158,http://www.guidetopharmacology.org,https://www.guidetopharmacology.org/,True,Human Genes and Diseases,General human genetics databases,,,,,http://dx.doi.org/10.1093/nar/gkx1121,https://academic.oup.com/nar/article/46/D1/D1091/4628131,200,
IUPHAR/BPS Guide to Pharmacology,https://www.oxfordjournals.org/nar/database/summary/1737,http://www.guidetopharmacology.org,https://www.guidetopharmacology.org/,True,Other Molecular Biology Databases,Drugs and drug design,,,,,https://doi.org/10.1093/nar/gkv1037,https://academic.oup.com/nar/article-lookup/doi/10.1093/nar/gkv1037,200,
,,,,,,,,,,,,,,
JASPAR,https://www.oxfordjournals.org/nar/database/summary/40,http://jaspar.genereg.net,https://jaspar.genereg.net/,True,Nucleotide Sequence Databases,Transcriptional regulator sites and transcription factors,,,,,http://dx.doi.org/10.1093/nar/gkx1126,http://academic.oup.com/nar/article/46/D1/D260/4621338,200,
JASPAR,https://www.oxfordjournals.org/nar/database/summary/516,http://jaspar.genereg.net,https://jaspar.genereg.net/,True,Nucleotide Sequence Databases,Transcriptional regulator sites and transcription factors,,,,,http://dx.doi.org/10.1093/nar/gkz1001,https://academic.oup.com/nar/advance-article/doi/10.1093/nar/gkz1001/5614568,200,
,,,,,,,,,,,,,,
MODOMICS,https://www.oxfordjournals.org/nar/database/summary/46,http://modomics.genesilico.pl,https://iimcb.genesilico.pl/modomics/,True,RNA sequence databases,,,,,,http://dx.doi.org/10.1093/nar/gkx1030,http://academic.oup.com/nar/article/46/D1/D303/4584632,200,
MODOMICS,https://www.oxfordjournals.org/nar/database/summary/840,http://genesilico.pl/modomics/,http://genesilico.pl/modomics/,False,RNA sequence databases,,Metabolic and Signaling Pathways,Metabolic pathways,,,http://dx.doi.org/10.1093/nar/gks1007,http://academic.oup.com/nar/article/41/D1/D262/1050979/MODOMICS-a-database-of-RNA-modification,200,
,,,,,,,,,,,,,,
MeT-DB,https://www.oxfordjournals.org/nar/database/summary/1771,http://compgenomics.utsa.edu/methylation/,http://compgenomics.utsa.edu/methylation/,False,RNA sequence databases,,,,,,http://dx.doi.org/10.1093/nar/gku1024,http://academic.oup.com/nar/article/43/D1/D197/2435474/MeTDB-a-database-of-transcriptome-methylation-in,200,03 Jul 2018
MeT-DB,https://www.oxfordjournals.org/nar/database/summary/43,http://compgenomics.utsa.edu/MeTDB/ and http://www.xjtlu.edu.cn/metdb2,,,RNA sequence databases,,,,,,http://dx.doi.org/10.1093/nar/gkx1080,http://academic.oup.com/nar/article/46/D1/D281/4602872,URL can't contain control characters. '/MeTDB/ and http://www.xjtlu.edu.cn/metdb2' (found at least ' '),
,,,,,,,,,,,,,,
MemMoRF,https://www.oxfordjournals.org/nar/database/summary/2104,https://memmorf.hegelab.org/,,,Protein sequence databases,Protein properties,,,,,http://dx.doi.org/10.1093/nar/gkaa954,https://academic.oup.com/nar/article/49/D1/D355/5943195,<urlopen error [SSL: CERTIFICATE_VERIFY_FAILED] certificate verify failed: certificate has expired (_ssl.c:1123)>,
MemMoRF,https://www.oxfordjournals.org/nar/database/summary/2269,http://memmorf.hegelab.org,,,,,,,,,https://doi.org/10.1093/nar/gkaa954,https://academic.oup.com/nar/article/49/D1/D355/5943195,<urlopen error [SSL: CERTIFICATE_VERIFY_FAILED] certificate verify failed: certificate has expired (_ssl.c:1123)>,
,,,,,,,,,,,,,,
MetalPDB,https://www.oxfordjournals.org/nar/database/summary/1575,http://metalweb.cerm.unifi.it/,,,Structure Databases,Nucleic acid structure,,,,,http://dx.doi.org/10.1093/nar/gks1063,http://academic.oup.com/nar/article/41/D1/D312/1055329/MetalPDB-a-database-of-metal-sites-in-biological,<urlopen error [SSL: CERTIFICATE_VERIFY_FAILED] certificate verify failed: unable to get local issuer certificate (_ssl.c:1123)>,
MetalPDB,https://www.oxfordjournals.org/nar/database/summary/70,http://metalweb.cerm.unifi.it/,,,Protein sequence databases,Protein sequence motifs and active sites,,,,,http://dx.doi.org/10.1093/nar/gkx989,http://academic.oup.com/nar/article/46/D1/D459/4564802,<urlopen error [SSL: CERTIFICATE_VERIFY_FAILED] certificate verify failed: unable to get local issuer certificate (_ssl.c:1123)>,
,,,,,,,,,,,,,,
MethBank,https://www.oxfordjournals.org/nar/database/summary/1763,http://dnamethylome.org,,,Nucleotide Sequence Databases,Coding and non-coding DNA,,,,,http://dx.doi.org/10.1093/nar/gku920,http://academic.oup.com/nar/article/43/D1/D54/2439491/MethBank-a-database-integrating-nextgeneration,<urlopen error timed out>,
MethBank,https://www.oxfordjournals.org/nar/database/summary/44,http://bigd.big.ac.cn/methbank,,,Nucleotide Sequence Databases,Coding and non-coding DNA,,,,,http://dx.doi.org/10.1093/nar/gkx1139,http://academic.oup.com/nar/article/46/D1/D288/4637581,Remote end closed connection without response,
,,,,,,,,,,,,,,
Minimotif Miner,https://www.oxfordjournals.org/nar/database/summary/1283,http://mnm.engr.uconn.edu/,,,Protein sequence databases,Protein sequence motifs and active sites,,,,,http://dx.doi.org/10.1093/nar/GKR1189,https://academic.oup.com/nar/article-lookup/doi/10.1093/nar/gkr1189,<urlopen error [Errno 111] Connection refused>,
Minimotif miner,https://www.oxfordjournals.org/nar/database/summary/71,http://minimotifminer.org and mnm.engr.uconn.edu,,,Protein sequence databases,Protein properties,,,,,http://dx.doi.org/10.1093/nar/gkx1085,http://academic.oup.com/nar/article/46/D1/D465/4616869,URL can't contain control characters. 'minimotifminer.org and mnm.engr.uconn.edu' (found at least ' '),
,,,,,,,,,,,,,,
MobiDB,https://www.oxfordjournals.org/nar/database/summary/1773,http://mobidb.bio.unipd.it/,https://mobidb.bio.unipd.it/,True,Protein sequence databases,Protein properties,,,,,http://dx.doi.org/10.1093/nar/gku982,http://academic.oup.com/nar/article/43/D1/D315/2439671/MobiDB-20-an-improved-database-of-intrinsically,200,13 Apr 2022
MobiDB,https://www.oxfordjournals.org/nar/database/summary/72,https://mobidb.org,https://mobidb.org,False,Protein sequence databases,Protein domain databases; protein classification,,,,,https://doi.org/10.1093/nar/gkaa1058,https://academic.oup.com/nar/article/49/D1/D361/6006190,200,13 Apr 2022
,,,,,,,,,,,,,,
MoonProt,https://www.oxfordjournals.org/nar/database/summary/1775,http://www.moonlightingproteins.org/,http://www.moonlightingproteins.org/,False,Protein sequence databases,Databases of individual protein families,,,,,http://dx.doi.org/10.1093/nar/gku954,http://academic.oup.com/nar/article/43/D1/D277/2439523/MoonProt-a-database-for-proteins-that-are-known-to,200,
MoonProt,https://www.oxfordjournals.org/nar/database/summary/96,http://moonlightingproteins.org,http://moonlightingproteins.org,False,Metabolic and Signaling Pathways,Enzymes and enzyme nomenclature,,,,,https://doi.org/10.1093/nar/gkaa1101,https://academic.oup.com/nar/article/49/D1/D368/6007658,200,20 Mar 2019
,,,,,,,,,,,,,,
Mouse Phenome Database,https://www.oxfordjournals.org/nar/database/summary/125,https://phenome.jax.org,https://phenome.jax.org,False,Human and other Vertebrate Genomes,"Model organisms, comparative genomics",,,,,http://dx.doi.org/10.1093/nar/gkx1082,http://academic.oup.com/nar/article/46/D1/D843/4612967,200,
Mouse Phenome Database,https://www.oxfordjournals.org/nar/database/summary/995,http://phenome.jax.org/,https://phenome.jax.org/,True,Human and other Vertebrate Genomes,"Model organisms, comparative genomics",,,,,http://dx.doi.org/10.1093/nar/gkt1159,https://academic.oup.com/nar/article-lookup/doi/10.1093/nar/gkt1159,200,
,,,,,,,,,,,,,,
NLSdb,https://www.oxfordjournals.org/nar/database/summary/376,http://rostlab.org/services/nlsdb/,https://rostlab.org/services/nlsdb/,True,Protein sequence databases,Protein localization and targeting,,,,,,,200,
NLSdb,https://www.oxfordjournals.org/nar/database/summary/77,https://rostlab.org/services/nlsdb/,https://rostlab.org/services/nlsdb/,False,,,,,,,http://dx.doi.org/10.1093/nar/gkx1021,http://academic.oup.com/nar/article/46/D1/D503/4584625,200,
,,,,,,,,,,,,,,
Network of Cancer Genes,https://www.oxfordjournals.org/nar/database/summary/1373,http://bio.ifom-ieo-campus.it/ncg,,,Human Genes and Diseases,Cancer gene databases,,,,,http://dx.doi.org/10.1093/nar/GKR952,https://academic.oup.com/nar/article-lookup/doi/10.1093/nar/gkr952,HTTP Error 404: Not Found,
dbDEPC,https://www.oxfordjournals.org/nar/database/summary/1374,http://lifecenter.sgst.cn/dbdepc/index.do,,,Human Genes and Diseases,Cancer gene databases,,,,,http://dx.doi.org/10.1093/nar/GKR952,https://academic.oup.com/nar/article-lookup/doi/10.1093/nar/gkr952,<urlopen error [Errno -2] Name or service not known>,
,,,,,,,,,,,,,,
OMA,https://www.oxfordjournals.org/nar/database/summary/1426,http://www.omabrowser.org,https://omabrowser.org/,True,Protein sequence databases,Protein domain databases; protein classification,,,,,http://dx.doi.org/10.1093/nar/gku1158,http://academic.oup.com/nar/article/43/D1/D240/2438427/The-OMA-orthology-database-in-2015-function,200,15 Mar 2018
OMA,https://www.oxfordjournals.org/nar/database/summary/73,https://omabrowser.org,https://omabrowser.org,False,Structure Databases,,,,,,https://doi.org/10.1093/nar/gkaa1007,https://academic.oup.com/nar/article/49/D1/D373/5974092,200,15 Mar 2018
,,,,,,,,,,,,,,
Open Targets,https://www.oxfordjournals.org/nar/database/summary/1976,https://targetvalidation.org,https://platform.opentargets.org/,True,Other Molecular Biology Databases,Drugs and drug design,,,,,https://doi.org/10.1093/nar/gkaa1027,https://academic.oup.com/nar/article/49/D1/D1302/5983621,200,28 Apr 2022
Open Targets,https://www.oxfordjournals.org/nar/database/summary/1991,https://www.targetvalidation.org/,https://platform.opentargets.org/,True,Proteomics Resources,,,,,,http://dx.doi.org/10.1093/nar/1988,,200,28 Apr 2022
,,,,,,,,,,,,,,
PDBe,https://www.oxfordjournals.org/nar/database/summary/456,http://www.ebi.ac.uk/pdbe/,https://www.ebi.ac.uk/pdbe/,True,Structure Databases,Protein structure,,,,,https://doi.org/10.1093/nar/gkz990,https://academic.oup.com/nar/advance-article/doi/10.1093/nar/gkz990/5613681,200,
PDBe,https://www.oxfordjournals.org/nar/database/summary/74,http://pdbe.org,https://www.ebi.ac.uk/pdbe/,True,Protein sequence databases,Protein domain databases; protein classification,,,,,http://dx.doi.org/10.1093/nar/gkz990,https://academic.oup.com/nar/advance-article/doi/10.1093/nar/gkz990/5613681,200,
,,,,,,,,,,,,,,
PED,https://www.oxfordjournals.org/nar/database/summary/159,http://www.pancreasexpression.org,https://www.pancreasexpression.org/home/,True,Other Molecular Biology Databases,Drugs and drug design,,,,,http://dx.doi.org/10.1093/nar/gkx955,http://academic.oup.com/nar/article/doi/10.1093/nar/gkx955/4559710,200,
Pancreas Expression,https://www.oxfordjournals.org/nar/database/summary/1325,http://www.pancreasexpression.org,https://www.pancreasexpression.org/home/,True,Human Genes and Diseases,Cancer gene databases,,,,,http://dx.doi.org/10.1093/nar/gkt959,https://academic.oup.com/nar/article-lookup/doi/10.1093/nar/gkt959,200,
,,,,,,,,,,,,,,
PK-DB,https://www.oxfordjournals.org/nar/database/summary/2281,https://pk-db.com/,https://pk-db.com/,False,,,,,,,https://doi.org/10.1093/nar/gkaa990,https://academic.oup.com/nar/article/49/D1/D1358/5957165,200,20 Apr 2022
PKDB - Pharmacokinetics Database,https://www.oxfordjournals.org/nar/database/summary/2109,https://pk-db.com,https://pk-db.com,False,,,,,,,http://dx.doi.org/,,200,20 Apr 2022
,,,,,,,,,,,,,,
PLAZA,https://www.oxfordjournals.org/nar/database/summary/170,https://bioinformatics.psb.ugent.be/plaza,https://bioinformatics.psb.ugent.be/plaza/,True,Plant databases,General plant databases,,,,,http://dx.doi.org/10.1093/nar/gkx1002,http://academic.oup.com/nar/article/46/D1/D1190/4561641,200,
PLAZA,https://www.oxfordjournals.org/nar/database/summary/1818,http://bioinformatics.psb.ugent.be/plaza/,https://bioinformatics.psb.ugent.be/plaza/,True,Plant databases,General plant databases,,,,,http://dx.doi.org/10.1093/nar/gku986,http://academic.oup.com/nar/article/43/D1/D974/2439811/PLAZA-30-an-access-point-for-plant-comparative,200,
,,,,,,,,,,,,,,
PRGdb,https://www.oxfordjournals.org/nar/database/summary/1388,http://www.prgdb.org,http://www.prgdb.org/prgdb4/,True,Plant databases,General plant databases,,,,,http://dx.doi.org/10.1093/nar/gks1183,http://academic.oup.com/nar/article/41/D1/D1167/1067378/PRGdb-20-towards-a-communitybased-database-model,200,
PRGdb,https://www.oxfordjournals.org/nar/database/summary/171,http://prgdb.org,http://prgdb.org/prgdb4/,True,Plant databases,,,,,,http://dx.doi.org/10.1093/nar/gkx1119,http://academic.oup.com/nar/article/46/D1/D1197/4634007,200,
,,,,,,,,,,,,,,
Plant Ontology database,https://www.oxfordjournals.org/nar/database/summary/926,http://www.plantontology.org/,https://planteome.org/,True,Genomics Databases (non-vertebrate),"Genome annotation terms, ontologies and nomenclature",Plant databases,General plant databases,,,,,200,
Planteome,https://www.oxfordjournals.org/nar/database/summary/168,http://www.planteome.org,https://planteome.org/,True,,,,,,,http://dx.doi.org/10.1093/nar/gkx1152,http://academic.oup.com/nar/article/46/D1/D1168/4653531,200,
,,,,,,,,,,,,,,
PolyA_DB,https://www.oxfordjournals.org/nar/database/summary/48,http://www.polya-db.org/v3.beta/,,,RNA sequence databases,,,,,,http://dx.doi.org/10.1093/nar/gkx1000,http://academic.oup.com/nar/article/46/D1/D315/4561640,<urlopen error timed out>,
PolyA_DB,https://www.oxfordjournals.org/nar/database/summary/723,http://exon.apps.wistar.org/PolyA_DB/v3,,,RNA sequence databases,,,,,,https://doi.org/10.1093/nar/gki055,https://academic.oup.com/nar/article-lookup/doi/10.1093/nar/gki055,<urlopen error timed out>,
,,,,,,,,,,,,,,
ProteomeXchange,https://www.oxfordjournals.org/nar/database/summary/1986,http://www.proteomexchange.org/,http://www.proteomexchange.org/,False,Proteomics Resources,,,,,,http://dx.doi.org/10.1093/nar/1986,,200,25 Nov 2021
ProteomeXchange,https://www.oxfordjournals.org/nar/database/summary/1987,http://www.proteomexchange.org/,http://www.proteomexchange.org/,False,Proteomics Resources,,,,,,http://dx.doi.org/10.1093/nar/1986,,200,25 Nov 2021
,,,,,,,,,,,,,,
RCSB Protein Data Bank,https://www.oxfordjournals.org/nar/database/summary/276,http://www.rcsb.org/,https://www.rcsb.org/,True,Structure Databases,Protein structure,,,,,https://doi.org/10.1093/nar/gkaa1038,https://academic.oup.com/nar/article/49/D1/D437/5992282,200,
TargetDB,https://www.oxfordjournals.org/nar/database/summary/764,http://targetdb.pdb.org/,https://www.rcsb.org/,True,Structure Databases,Protein structure,,,,,,,200,
,,,,,,,,,,,,,,
RMBase,https://www.oxfordjournals.org/nar/database/summary/1843,http://mirlab.sysu.edu.cn/rmbase/,,,RNA sequence databases,,,,,,http://dx.doi.org/10.1093/nar/gkv1036,https://academic.oup.com/nar/article-lookup/doi/10.1093/nar/gkv1036,<urlopen error timed out>,
RMBase,https://www.oxfordjournals.org/nar/database/summary/50,http://rna.sysu.edu.cn/rmbase/,https://rna.sysu.edu.cn/rmbase/,True,RNA sequence databases,,,,,,http://dx.doi.org/10.1093/nar/gkx934,http://academic.oup.com/nar/article/46/D1/D327/4429298,200,
,,,,,,,,,,,,,,
RMVar,https://www.oxfordjournals.org/nar/database/summary/2289,http://rmvar.renlab.org,https://rmvar.renlab.org/,True,,,,,,,https://doi.org/10.1093/nar/gkaa811,https://academic.oup.com/nar/article/49/D1/D1405/5918317,200,03 Nov 2020
m6AVar,https://www.oxfordjournals.org/nar/database/summary/22,http://m6avar.renlab.org/,https://rmvar.renlab.org/,True,,,,,,,http://dx.doi.org/10.1093/nar/gkx895,http://academic.oup.com/nar/article/46/D1/D139/4316107,200,03 Nov 2020
,,,,,,,,,,,,,,
Reactome,https://www.oxfordjournals.org/nar/database/summary/612,http://www.reactome.org/,https://reactome.org/,True,Metabolic and Signaling Pathways,Metabolic pathways,,,,,http://dx.doi.org/10.1093/nar/gkt1102,https://academic.oup.com/nar/article-lookup/doi/10.1093/nar/gkt1102,200,23 May 2022
Reactome,https://www.oxfordjournals.org/nar/database/summary/98,https://reactome.org,https://reactome.org,False,Metabolic and Signaling Pathways,,,,,,http://dx.doi.org/10.1093/nar/gkx1132,http://academic.oup.com/nar/article/46/D1/D649/4626770,200,23 May 2022
,,,,,,,,,,,,,,
RefSeq,https://www.oxfordjournals.org/nar/database/summary/126,https://www.ncbi.nlm.nih.gov/refseq/,https://www.ncbi.nlm.nih.gov/refseq/,False,Human and other Vertebrate Genomes,"Model organisms, comparative genomics",,,,,https://doi.org/10.1093/nar/gkaa1105,https://academic.oup.com/nar/article/49/D1/D1020/6018440,200,
RefSeq (microbial),https://www.oxfordjournals.org/nar/database/summary/391,http://www.ncbi.nlm.nih.gov/RefSeq/,https://www.ncbi.nlm.nih.gov/refseq/,True,Nucleotide Sequence Databases,Coding and non-coding DNA,,,,,http://dx.doi.org/10.1093/nar/gku1062,http://academic.oup.com/nar/article/43/D1/D599/2437129/Update-on-RefSeq-microbial-genomes-resources,200,
,,,,,,,,,,,,,,
Rfam,https://www.oxfordjournals.org/nar/database/summary/382,http://rfam.xfam.org/,http://rfam.xfam.org/,False,RNA sequence databases,,,,,,http://dx.doi.org/10.1093/nar/gku1063,http://academic.oup.com/nar/article/43/D1/D130/2437148/Rfam-120-updates-to-the-RNA-families-database,200,23 May 2022
Rfam,https://www.oxfordjournals.org/nar/database/summary/51,http://rfam.org,https://rfam.org/,True,RNA sequence databases,,,,,,http://dx.doi.org/10.1093/nar/gkaa1047,https://academic.oup.com/nar/article/49/D1/D192/5992291,200,23 May 2022
,,,,,,,,,,,,,,
SABIO-RK,https://www.oxfordjournals.org/nar/database/summary/1516,http://sabiork.h-its.org/,http://sabiork.h-its.org/,False,Metabolic and Signaling Pathways,Enzymes and enzyme nomenclature,,,,,http://dx.doi.org/10.1093/nar/GKR1046,https://academic.oup.com/nar/article-lookup/doi/10.1093/nar/gkr1046,200,
SABIO-RK,https://www.oxfordjournals.org/nar/database/summary/99,http://sabiork.h-its.org/,http://sabiork.h-its.org/,False,Metabolic and Signaling Pathways,Metabolic pathways,,,,,http://dx.doi.org/10.1093/nar/gkx1065,http://academic.oup.com/nar/article/46/D1/D656/4577570,200,
,,,,,,,,,,,,,,
SGD,https://www.oxfordjournals.org/nar/database/summary/109,http://www.yeastgenome.org,https://www.yeastgenome.org:443/,True,Genomics Databases (non-vertebrate),Prokaryotic genome databases,,,,,http://dx.doi.org/10.1093/nar/gkx1112,http://academic.oup.com/nar/article/46/D1/D736/4616877,200,
SGD - Saccharomyces Genome Database,https://www.oxfordjournals.org/nar/database/summary/357,http://www.yeastgenome.org/,https://www.yeastgenome.org:443/,True,Genomics Databases (non-vertebrate),Fungal genome databases,,,,,http://dx.doi.org/10.1093/nar/gkt1158,https://academic.oup.com/nar/article-lookup/doi/10.1093/nar/gkt1158,200,
,,,,,,,,,,,,,,
SMART,https://www.oxfordjournals.org/nar/database/summary/218,http://smart.embl.de/,http://smart.embl.de/,False,Protein sequence databases,Protein domain databases; protein classification,,,,,https://doi.org/10.1093/nar/gkaa937,https://academic.oup.com/nar/article/49/D1/D458/5940513,200,
SMART,https://www.oxfordjournals.org/nar/database/summary/75,http://smart.embl.de,http://smart.embl.de,False,Protein sequence databases,,,,,,http://dx.doi.org/10.1093/nar/gkx922,http://academic.oup.com/nar/article/46/D1/D493/4429069,200,
,,,,,,,,,,,,,,
SubtiWiki,https://www.oxfordjournals.org/nar/database/summary/110,http://subtiwiki.uni-goettingen.de/,http://subtiwiki.uni-goettingen.de/,False,Genomics Databases (non-vertebrate),Prokaryotic genome databases,,,,,http://dx.doi.org/10.1093/nar/gkx908,http://academic.oup.com/nar/article/46/D1/D743/4372578,200,
SubtiWiki,https://www.oxfordjournals.org/nar/database/summary/1563,http://subtiwiki.uni-goettingen.de/,http://subtiwiki.uni-goettingen.de/,False,Genomics Databases (non-vertebrate),Prokaryotic genome databases,,,,,http://dx.doi.org/10.1093/nar/gkt1002,https://academic.oup.com/nar/article-lookup/doi/10.1093/nar/gkt1002,200,
,,,,,,,,,,,,,,
TADB,https://www.oxfordjournals.org/nar/database/summary/111,http://bioinfo-mml.sjtu.edu.cn/TADB2/,https://bioinfo-mml.sjtu.edu.cn/TADB2/,True,,,,,,,http://dx.doi.org/10.1093/nar/gkx1033,http://academic.oup.com/nar/article/46/D1/D749/4584634,200,15 Jun 2021
TADB,https://www.oxfordjournals.org/nar/database/summary/1333,http://bioinfo-mml.sjtu.edu.cn/TADB/,https://bioinfo-mml.sjtu.edu.cn/TADB/,True,Genomics Databases (non-vertebrate),Prokaryotic genome databases,,,,,http://dx.doi.org/10.1093/nar/gkq908,https://academic.oup.com/nar/article-lookup/doi/10.1093/nar/gkq908,200,
,,,,,,,,,,,,,,
TBDB,https://www.oxfordjournals.org/nar/database/summary/1203,http://tbdb.org/,,,Genomics Databases (non-vertebrate),Prokaryotic genome databases,,,,,,,HTTP Error 403: Forbidden,
TBDB,https://www.oxfordjournals.org/nar/database/summary/2292,https://tbdb.io,https://tbdb.io,False,,,,,,,https://doi.org/10.1093/nar/gkaa721,https://academic.oup.com/nar/article/49/D1/D229/5901078,200,
,,,,,,,,,,,,,,
TCMID,https://www.oxfordjournals.org/nar/database/summary/161,http://www.megabionet.org/tcmid/,,,Human Genes and Diseases,General polymorphism databases,,,,,http://dx.doi.org/10.1093/nar/gkx1028,http://academic.oup.com/nar/article/46/D1/D1117/4584630,<urlopen error [Errno 111] Connection refused>,
TCMID,https://www.oxfordjournals.org/nar/database/summary/1650,http://www.megabionet.org/tcmid/,,,Other Molecular Biology Databases,,,,,,http://dx.doi.org/10.1093/nar/gks1100,http://academic.oup.com/nar/article/41/D1/D1089/1057998/TCMID-traditional-Chinese-medicine-integrative,<urlopen error [Errno 111] Connection refused>,
,,,,,,,,,,,,,,
TFClass,https://www.oxfordjournals.org/nar/database/summary/1571,http://tfclass.bioinf.med.uni-goettingen.de/,http://tfclass.bioinf.med.uni-goettingen.de/,False,Nucleotide Sequence Databases,Transcriptional regulator sites and transcription factors,,,,,,,200,
TFClass,https://www.oxfordjournals.org/nar/database/summary/52,http://tfclass.bioinf.med.uni-goettingen.de,http://tfclass.bioinf.med.uni-goettingen.de,False,Nucleotide Sequence Databases,Transcriptional regulator sites and transcription factors,,,,,http://dx.doi.org/10.1093/nar/gkx987,http://academic.oup.com/nar/article/46/D1/D343/4566021,200,
,,,,,,,,,,,,,,
TRANSCompel,https://www.oxfordjournals.org/nar/database/summary/345,http://www.gene-regulation.com/pub/databases.html#transcompel,http://gene-regulation.com/pub/databases.html,True,Nucleotide Sequence Databases,Transcriptional regulator sites and transcription factors,,,,,,,200,03 May 2022
TRANSPATH,https://www.oxfordjournals.org/nar/database/summary/341,http://www.gene-regulation.com/pub/databases.html#transpath,http://gene-regulation.com/pub/databases.html,True,Nucleotide Sequence Databases,Transcriptional regulator sites and transcription factors,Metabolic and Signaling Pathways,Protein-protein interactions,,,,,200,03 May 2022
,,,,,,,,,,,,,,
TTD,https://www.oxfordjournals.org/nar/database/summary/162,http://bidd.nus.edu.sg/group/ttd/ttd.asp,,,Other Molecular Biology Databases,,,,,,http://dx.doi.org/10.1093/nar/gkx1076,https://academic.oup.com/nar/article/46/D1/D1121/4621327,<urlopen error timed out>,
TTD,https://www.oxfordjournals.org/nar/database/summary/2114,http://db.idrblab.org/ttd/,,,Other Molecular Biology Databases,Drugs and drug design,,,,,https://doi.org/10.1093/nar/gkz981,https://academic.oup.com/nar/advance-article/doi/10.1093/nar/gkz981/5613683,HTTP Error 503: Service Temporarily Unavailable,
,,,,,,,,,,,,,,
UCSC Genome Browser,https://www.oxfordjournals.org/nar/database/summary/113,https://genome.ucsc.edu,https://genome.ucsc.edu,False,Human and other Vertebrate Genomes,"Human genome databases, maps and viewers",,,,,http://dx.doi.org/10.1093/nar/gkaa1070,https://academic.oup.com/nar/article/49/D1/D1046/5998393,200,
UCSC Genome Browser,https://www.oxfordjournals.org/nar/database/summary/316,http://genome.ucsc.edu/,http://genome.ucsc.edu/,False,Human and other Vertebrate Genomes,"Human genome databases, maps and viewers",,,,,http://dx.doi.org/10.1093/nar/gkv1275,https://academic.oup.com/nar/article-lookup/doi/10.1093/nar/gkv1275,200,
,,,,,,,,,,,,,,
WikiPathways,https://www.oxfordjournals.org/nar/database/summary/100,http://wikipathways.org/,https://www.wikipathways.org/index.php/WikiPathways,True,,,,,,,https://doi.org/10.1093/nar/gkaa1024,https://academic.oup.com/nar/article/49/D1/D613/5992285,200,
WikiPathways,https://www.oxfordjournals.org/nar/database/summary/1565,http://www.wikipathways.org,https://www.wikipathways.org/index.php/WikiPathways,True,Metabolic and Signaling Pathways,Metabolic pathways,,,,,http://dx.doi.org/10.1093/nar/GKR1074,https://academic.oup.com/nar/article-lookup/doi/10.1093/nar/gkr1074,200,
,,,,,,,,,,,,,,
XenBase,https://www.oxfordjournals.org/nar/database/summary/1151,http://www.xenbase.org,https://www.xenbase.org/entry/,True,Human and other Vertebrate Genomes,"Model organisms, comparative genomics",,,,,http://dx.doi.org/10.1093/nar/gku956,http://academic.oup.com/nar/article/43/D1/D756/2439525/Xenbase-the-Xenopus-model-organism-database-new,200,
Xenbase,https://www.oxfordjournals.org/nar/database/summary/127,http://www.xenbase.org,https://www.xenbase.org/entry/,True,Human and other Vertebrate Genomes,,,,,,http://dx.doi.org/10.1093/nar/gkx936,http://academic.oup.com/nar/article/46/D1/D861/4559118,200,
,,,,,,,,,,,,,,
YEASTRACT,https://www.oxfordjournals.org/nar/database/summary/53,http://www.yeastract.com/,http://www.yeastract.com/,False,Nucleotide Sequence Databases,Transcriptional regulator sites and transcription factors,,,,,http://dx.doi.org/10.1093/nar/gkx842,http://academic.oup.com/nar/article/46/D1/D348/4191333,200,
YEASTRACT,https://www.oxfordjournals.org/nar/database/summary/792,http://www.yeastract.com/,http://www.yeastract.com/,False,Nucleotide Sequence Databases,Transcriptional regulator sites and transcription factors,Genomics Databases (non-vertebrate),Fungal genome databases,,,http://dx.doi.org/10.1093/nar/gkt1015,https://academic.oup.com/nar/article-lookup/doi/10.1093/nar/gkt1015,200,
,,,,,,,,,,,,,,
iBeetle-Base,https://www.oxfordjournals.org/nar/database/summary/123,http://ibeetle-base.uni-goettingen.de/,http://ibeetle-base.uni-goettingen.de/,False,Human and other Vertebrate Genomes,Invertebrate genome databases,,,,,http://dx.doi.org/10.1093/nar/gkx984,http://academic.oup.com/nar/article/46/D1/D831/4563309,200,
iBeetle-Base,https://www.oxfordjournals.org/nar/database/summary/1795,http://ibeetle-base.uni-goettingen.de,http://ibeetle-base.uni-goettingen.de,False,Genomics Databases (non-vertebrate),Invertebrate genome databases,,,,,http://dx.doi.org/10.1093/nar/gku1054,http://academic.oup.com/nar/article/43/D1/D720/2436544/iBeetleBase-a-database-for-RNAi-phenotypes-in-the,200,
,,,,,,,,,,,,,,
mVOC,https://www.oxfordjournals.org/nar/database/summary/1687,http://bioinformatics.charite.de/mvoc,,,Structure Databases,Small molecules,,,,,http://dx.doi.org/10.1093/nar/gkt1250,https://academic.oup.com/nar/article-lookup/doi/10.1093/nar/gkt1250,<urlopen error [Errno 111] Connection refused>,
mVOC,https://www.oxfordjournals.org/nar/database/summary/180,http://bioinformatics.charite.de/mvoc,,,,,,,,,http://dx.doi.org/10.1093/nar/gkx1016,http://academic.oup.com/nar/article/46/D1/D1261/4584642,<urlopen error [Errno 111] Connection refused>,
,,,,,,,,,,,,,,
miRTarBase,https://www.oxfordjournals.org/nar/database/summary/1423,http://mirtarbase.mbc.nctu.edu.tw,,,RNA sequence databases,,,,,,http://dx.doi.org/10.1093/nar/gkz896,https://academic.oup.com/nar/advance-article/doi/10.1093/nar/gkz896/5606625,<urlopen error [Errno -2] Name or service not known>,
miRTarBase,https://www.oxfordjournals.org/nar/database/summary/45,http://miRTarBase.mbc.nctu.edu.tw/,,,Nucleotide Sequence Databases,,,,,,http://dx.doi.org/10.1093/nar/gkx1067,http://academic.oup.com/nar/article/46/D1/D296/4595852,<urlopen error [Errno -2] Name or service not known>,
,,,,,,,,,,,,,,
sORFs,https://www.oxfordjournals.org/nar/database/summary/1848,http://www.sorfs.org,http://www.sorfs.org,False,Protein sequence databases,Protein domain databases; protein classification,,,,,http://dx.doi.org/10.1093/nar/gkv1175,https://academic.oup.com/nar/article-lookup/doi/10.1093/nar/gkv1175,200,
sORFs.org,https://www.oxfordjournals.org/nar/database/summary/76,http://www.sorfs.org,http://www.sorfs.org,False,,,,,,,http://dx.doi.org/10.1093/nar/gkx1130,http://academic.oup.com/nar/article/46/D1/D497/4621340,200,
