nombre,url nar,urls bd en nar y redirigida son distintas,url bd en nar,url bd redirigida,codigo status url bd,ultima modificacion de la pagina de la bd,categoria 1,subcategoria 1,categoria 2,subcategoria 2,categoria 3,subcategoria 3,url doi,url redirigida del doi
ANISEED,https://www.oxfordjournals.org/nar/database/summary/107,False,http://www.aniseed.cnrs.fr,http://www.aniseed.cnrs.fr,200,,Genomics Databases (non-vertebrate),Taxonomy and identification,,,,,http://dx.doi.org/10.1093/nar/gkx1108,http://academic.oup.com/nar/article/46/D1/D718/4628129
ANISEED,https://www.oxfordjournals.org/nar/database/summary/1875,False,http://www.aniseed.cnrs.fr,http://www.aniseed.cnrs.fr,200,,Genomics Databases (non-vertebrate),Invertebrate genome databases,,,,,http://dx.doi.org/10.1093/nar/gkv966,https://academic.oup.com/nar/article-lookup/doi/10.1093/nar/gkv966

APPRIS,https://www.oxfordjournals.org/nar/database/summary/1588,True,http://appris.bioinfo.cnio.es/,https://appris.bioinfo.cnio.es/,200,2021-06-01,Nucleotide Sequence Databases,"Gene structure, introns and exons, splice sites",,,,,http://dx.doi.org/10.1093/nar/gks1058,http://academic.oup.com/nar/article/41/D1/D110/1054030/APPRIS-annotation-of-principal-and-alternative
APPRIS,https://www.oxfordjournals.org/nar/database/summary/33,,http://appris-tools.org,,<urlopen error timed out>,,Nucleotide Sequence Databases,"Gene structure, introns and exons, splice sites",,,,,http://dx.doi.org/10.1093/nar/gkx997,http://academic.oup.com/nar/article/46/D1/D213/4561658

ARED,https://www.oxfordjournals.org/nar/database/summary/232,True,http://brp.kfshrc.edu.sa/ARED/,https://brp.kfshrc.edu.sa/ARED/,200,,RNA sequence databases,,,,,,,
ARED-Plus,https://www.oxfordjournals.org/nar/database/summary/34,True,http://brp.kfshrc.edu.sa/ared,https://brp.kfshrc.edu.sa/ared,200,,Nucleotide Sequence Databases,,,,,,http://dx.doi.org/10.1093/nar/gkx975,http://academic.oup.com/nar/article/46/D1/D218/4564798

ASpedia,https://www.oxfordjournals.org/nar/database/summary/10,True,http://combio.snu.ac.kr/aspedia,http://combio.snu.ac.kr/aspedia/,200,,,,,,,,http://dx.doi.org/10.1093/nar/gkx1014,http://academic.oup.com/nar/article/46/D1/D58/4584641
TRRUST v2,https://www.oxfordjournals.org/nar/database/summary/58,True,http://combio.snu.ac.kr/aspedia,http://combio.snu.ac.kr/aspedia/,200,,,,,,,,http://dx.doi.org/10.1093/nar/gkx1013,http://academic.oup.com/nar/article/46/D1/D380/4566018

AlloMAPS,https://www.oxfordjournals.org/nar/database/summary/2014,False,http://allomaps.bii.a-star.edu.sg,http://allomaps.bii.a-star.edu.sg,200,,Human Genes and Diseases,General polymorphism databases,,,,,https://doi.org/10.1093/nar/gky1028,https://academic.oup.com/nar/article/47/D1/D265/5144961
AlloMAPS: allosteric mutation analysis and polymorphism of signaling database,https://www.oxfordjournals.org/nar/database/summary/2056,,,,,,,,,,,,http://dx.doi.org/10.1093/nar/gky1028,https://academic.oup.com/nar/article/47/D1/D265/5144961

ApiDots,https://www.oxfordjournals.org/nar/database/summary/409,True,http://www.cbil.upenn.edu/apidots/,https://cstoeckert.github.io/,200,2022-06-09,Genomics Databases (non-vertebrate),Unicellular eukaryotes genome databases,,,,,,
TESS,https://www.oxfordjournals.org/nar/database/summary/227,True,http://www.cbil.upenn.edu/cgi-bin/tess/tess,https://cstoeckert.github.io/,200,2022-06-09,Nucleotide Sequence Databases,Transcriptional regulator sites and transcription factors,,,,,,

AutDB,https://www.oxfordjournals.org/nar/database/summary/1274,False,http://autism.mindspec.org/autdb/Welcome.do,http://autism.mindspec.org/autdb/Welcome.do,200,,Human Genes and Diseases,"Gene-, system- or disease-specific databases",,,,,,
AutDB,https://www.oxfordjournals.org/nar/database/summary/152,False,http://autism.mindspec.org/autdb/Welcome.do,http://autism.mindspec.org/autdb/Welcome.do,200,,,,,,,,http://dx.doi.org/10.1093/nar/gkx1093,http://academic.oup.com/nar/article/46/D1/D1049/4658829

BCCTBbp,https://www.oxfordjournals.org/nar/database/summary/1801,,http://bioinformatics.breastcancertissuebank.org,,<urlopen error [Errno 111] Connection refused>,,Human Genes and Diseases,Cancer gene databases,,,,,http://dx.doi.org/10.1093/nar/gku984,http://academic.oup.com/nar/article/43/D1/D831/2439749/BCCTBbp-the-Breast-Cancer-Campaign-Tissue-Bank
BCNTB bioinformatics,https://www.oxfordjournals.org/nar/database/summary/153,,http://bioinformatics.breastcancertissuebank.org/,,<urlopen error [Errno 111] Connection refused>,,Human Genes and Diseases,"Gene-, system- or disease-specific databases",,,,,http://dx.doi.org/10.1093/nar/gkx913,http://academic.oup.com/nar/article/46/D1/D1055/4372709

BIG Data Center,https://www.oxfordjournals.org/nar/database/summary/3,,http://bigd.big.ac.cn,,Remote end closed connection without response,,,,,,,,http://dx.doi.org/10.1093/nar/gkz913,https://academic.oup.com/nar/advance-article/doi/10.1093/nar/gkz913/5614641
National Genomics Data Center,https://www.oxfordjournals.org/nar/database/summary/2272,,http://bigd.big.ac.cn,,Remote end closed connection without response,,,,,,,,https://doi.org/10.1093/nar/gkaa1022,https://academic.oup.com/nar/article/49/D1/D18/5974090

Bacterial CSDB (BCSDB),https://www.oxfordjournals.org/nar/database/summary/977,True,http://csdb.glycoscience.ru/bacterial/,http://csdb.glycoscience.ru/help/migrate.html,200,2021-10-02,Structure Databases,Carbohydrates,,,,,,
Carbohydrate Structure Database (CSDB),https://www.oxfordjournals.org/nar/database/summary/1904,True,http://csdb.glycoscience.ru/database,http://csdb.glycoscience.ru/database/,200,2019-02-23,Structure Databases,Carbohydrates,,,,,http://dx.doi.org/10.1093/nar/gkv840,https://academic.oup.com/nar/article-lookup/doi/10.1093/nar/gkv840
PFCSDB,https://www.oxfordjournals.org/nar/database/summary/1998,True,http://csdb.glycoscience.ru/plant_fungal/,http://csdb.glycoscience.ru/help/migrate.html,200,2021-10-02,Structure Databases,Carbohydrates,,,,,http://dx.doi.org/10.1093/nar/gkv840,https://academic.oup.com/nar/article-lookup/doi/10.1093/nar/gkv840

BioModels,https://www.oxfordjournals.org/nar/database/summary/801,True,http://www.ebi.ac.uk/biomodels/,https://www.ebi.ac.uk/biomodels/,200,,Other Molecular Biology Databases,,,,,,http://dx.doi.org/10.1093/nar/,
Biomodels,https://www.oxfordjournals.org/nar/database/summary/178,True,http://www.ebi.ac.uk/biomodels,https://www.ebi.ac.uk/biomodels/,200,,Other Molecular Biology Databases,,,,,,http://dx.doi.org/10.1093/nar/gkx1023,http://academic.oup.com/nar/article/46/D1/D1248/4584626

BioStudies,https://www.oxfordjournals.org/nar/database/summary/181,False,https://www.ebi.ac.uk/biostudies/,https://www.ebi.ac.uk/biostudies/,200,,,,,,,,http://dx.doi.org/10.1093/nar/gkx965,http://academic.oup.com/nar/article/46/D1/D1266/4561649
BioStudies,https://www.oxfordjournals.org/nar/database/summary/338,True,https://www.ebi.ac.uk/biostudies,https://www.ebi.ac.uk/biostudies/,200,,Microarray Data and other Gene Expression Databases,,,,,,http://dx.doi.org/10.1093/nar/gkaa1062,https://academic.oup.com/nar/article/49/D1/D1502/5992288

CCDS,https://www.oxfordjournals.org/nar/database/summary/35,,https://www.ncbi.nlm.nih.gov/CCDS/CcdsBrowse.cgi and ftp://ftp.ncbi.nlm.nih.gov/pub/CCDS/,,URL can't contain control characters. '/CCDS/CcdsBrowse.cgi and ftp://ftp.ncbi.nlm.nih.gov/pub/CCDS/' (found at least ' '),,,,,,,,http://dx.doi.org/10.1093/nar/gkx1031,http://academic.oup.com/nar/article/46/D1/D221/4595661
CCDS,https://www.oxfordjournals.org/nar/database/summary/911,True,http://www.ncbi.nlm.nih.gov/CCDS/,https://www.ncbi.nlm.nih.gov/projects/CCDS/CcdsBrowse.cgi,200,,Human and other Vertebrate Genomes,"Model organisms, comparative genomics",,,,,http://dx.doi.org/10.1093/nar/gkt1059,https://academic.oup.com/nar/article-lookup/doi/10.1093/nar/gkt1059

CSVS,https://www.oxfordjournals.org/nar/database/summary/2230,False,http://csvs.babelomics.org/,http://csvs.babelomics.org/,200,2021-02-16,,,,,,,https://doi.org/10.1093/nar/gkaa794,https://academic.oup.com/nar/article/49/D1/D1130/5912819
CSVS - The Collaborative Spanish Variability Server,https://www.oxfordjournals.org/nar/database/summary/2101,False,http://csvs.babelomics.org/,http://csvs.babelomics.org/,200,2021-02-16,Human Genes and Diseases,General human genetics databases,,,,,http://dx.doi.org/10.1093/nar/gkaa762,https://academic.oup.com/nar/article/49/D1/D1029/5911746
STAB,https://www.oxfordjournals.org/nar/database/summary/2100,,http://stab.comp-sysbio.org,,HTTP Error 403: Forbidden,,Microarray Data and other Gene Expression Databases,,,,,,http://dx.doi.org/10.1093/nar/gkaa762,https://academic.oup.com/nar/article/49/D1/D1029/5911746

ClinVar,https://www.oxfordjournals.org/nar/database/summary/154,False,https://www.ncbi.nlm.nih.gov/clinvar/,https://www.ncbi.nlm.nih.gov/clinvar/,200,,Human Genes and Diseases,Cancer gene databases,,,,,http://dx.doi.org/10.1093/nar/gkx1153,http://academic.oup.com/nar/article/46/D1/D1062/4641904
ClinVar,https://www.oxfordjournals.org/nar/database/summary/1570,True,http://www.ncbi.nlm.nih.gov/clinvar/,https://www.ncbi.nlm.nih.gov/clinvar/,200,,Human Genes and Diseases,General polymorphism databases,,,,,http://dx.doi.org/10.1093/nar/gkt1113,https://academic.oup.com/nar/article-lookup/doi/10.1093/nar/gkt1113

DBTSS,https://www.oxfordjournals.org/nar/database/summary/591,True,http://dbtss.hgc.jp/,https://dbtss.hgc.jp/,200,2020-04-13,Nucleotide Sequence Databases,Transcriptional regulator sites and transcription factors,,,,,http://dx.doi.org/10.1093/nar/gku1080,http://academic.oup.com/nar/article/43/D1/D87/2437396/DBTSS-as-an-integrative-platform-for-transcriptome
DBTSS/DBKERO,https://www.oxfordjournals.org/nar/database/summary/36,True,http://dbtss.hgc.jp/,https://dbtss.hgc.jp/,200,2020-04-13,Nucleotide Sequence Databases,Transcriptional regulator sites and transcription factors,,,,,http://dx.doi.org/10.1093/nar/gkx1001,http://academic.oup.com/nar/article/46/D1/D229/4602866

DDBJ,https://www.oxfordjournals.org/nar/database/summary/1,True,http://www.ddbj.nig.ac.jp,https://www.ddbj.nig.ac.jp/index-e.html,200,2022-07-21,Nucleotide Sequence Databases,International Nucleotide Sequence Database Collaboration,,,,,https://doi.org/10.1093/nar/gkz982,https://academic.oup.com/nar/advance-article/doi/10.1093/nar/gkz982/5625536
DDBJ,https://www.oxfordjournals.org/nar/database/summary/2234,True,http://www.ddbj.nig.ac.jp,https://www.ddbj.nig.ac.jp/index-e.html,200,2022-07-21,,,,,,,https://doi.org/10.1093/nar/gkaa982,https://academic.oup.com/nar/article/49/D1/D71/5958489
DDBJ Database updates and computational infrastructure enhancement,https://www.oxfordjournals.org/nar/database/summary/5,True,http://www.ddbj.nig.ac.jp,https://www.ddbj.nig.ac.jp/index-e.html,200,2022-07-21,,,,,,,http://dx.doi.org/10.1093/nar/gkz982,https://academic.oup.com/nar/advance-article/doi/10.1093/nar/gkz982/5625536

DGIdb,https://www.oxfordjournals.org/nar/database/summary/155,True,http://www.dgidb.org/,https://www.dgidb.org/,200,,Human Genes and Diseases,General polymorphism databases,,,,,http://dx.doi.org/10.1093/nar/gkx1143,https://academic.oup.com/nar/article/46/D1/D1068/4634012
DGIdb,https://www.oxfordjournals.org/nar/database/summary/1893,True,http://dgidb.genome.wustl.edu,https://dgidb.genome.wustl.edu/,200,,Other Molecular Biology Databases,Drugs and drug design,,,,,http://dx.doi.org/10.1093/nar/gkv1165,https://academic.oup.com/nar/article-lookup/doi/10.1093/nar/gkv1165
DGIdb,https://www.oxfordjournals.org/nar/database/summary/2206,True,http://www.dgidb.org/,https://www.dgidb.org/,200,,,,,,,,https://doi.org/10.1093/nar/gkaa1084,https://academic.oup.com/nar/article/49/D1/D1144/6006193

DrugBank,https://www.oxfordjournals.org/nar/database/summary/156,,https://www.drugbank.ca/,,HTTP Error 403: Forbidden,,Other Molecular Biology Databases,Drugs and drug design,,,,,http://dx.doi.org/10.1093/nar/gkx1037,http://academic.oup.com/nar/article/46/D1/D1074/4602867
DrugBank,https://www.oxfordjournals.org/nar/database/summary/811,,http://www.drugbank.ca/,,HTTP Error 403: Forbidden,,Other Molecular Biology Databases,Drugs and drug design,,,,,http://dx.doi.org/10.1093/nar/gkt1068,https://academic.oup.com/nar/article-lookup/doi/10.1093/nar/gkt1068

EBI Metagenomics,https://www.oxfordjournals.org/nar/database/summary/108,True,http://www.ebi.ac.uk/metagenomics,https://www.ebi.ac.uk/metagenomics/,200,2022-07-15,Genomics Databases (non-vertebrate),Fungal genome databases,,,,,http://dx.doi.org/10.1093/nar/gkx967,http://academic.oup.com/nar/article/46/D1/D726/4561650
EBI Metagenomics,https://www.oxfordjournals.org/nar/database/summary/1695,False,https://www.ebi.ac.uk/metagenomics/,https://www.ebi.ac.uk/metagenomics/,200,2022-07-15,Genomics Databases (non-vertebrate),Taxonomy and identification,,,,,http://dx.doi.org/10.1093/nar/gkv1195,https://academic.oup.com/nar/article-lookup/doi/10.1093/nar/gkv1195

EBI resources,https://www.oxfordjournals.org/nar/database/summary/2241,True,http://www.ebi.ac.uk,https://www.ebi.ac.uk/,200,2022-07-25,,,,,,,https://doi.org/10.1093/nar/gkaa1077,https://academic.oup.com/nar/article/49/D1/D29/6007661
The European Bioinformatics Institute Tools,https://www.oxfordjournals.org/nar/database/summary/4,True,http://www.ebi.ac.uk,https://www.ebi.ac.uk/,200,2022-07-25,,,,,,,http://dx.doi.org/10.1093/nar/gkz1033,https://academic.oup.com/nar/article/48/D1/D17/5614565

ELM,https://www.oxfordjournals.org/nar/database/summary/65,False,http://elm.eu.org,http://elm.eu.org,200,,Structure Databases,Protein structure,,,,,http://dx.doi.org/10.1093/nar/gkx1077,http://academic.oup.com/nar/article/46/D1/D428/4612965
ELM - Eukaryotic Linear Motif: functional sites in eukaryotic proteins,https://www.oxfordjournals.org/nar/database/summary/187,False,http://elm.eu.org/,http://elm.eu.org/,200,,Protein sequence databases,Protein sequence motifs and active sites,,,,,http://dx.doi.org/10.1093/nar/gkt1047,https://academic.oup.com/nar/article-lookup/doi/10.1093/nar/gkt1047

ENCODE,https://www.oxfordjournals.org/nar/database/summary/118,False,https://www.encodeproject.org/,https://www.encodeproject.org/,200,,,,,,,,http://dx.doi.org/10.1093/nar/gkx1081,http://academic.oup.com/nar/article/46/D1/D794/4595865
ENCODE DCC,https://www.oxfordjournals.org/nar/database/summary/1869,True,http://www.encodeproject.org,https://www.encodeproject.org/,200,,Human and other Vertebrate Genomes,"Human genome databases, maps and viewers",,,,,http://dx.doi.org/10.1093/nar/gkv1160,https://academic.oup.com/nar/article-lookup/doi/10.1093/nar/gkv1160

ENdb: a manually curated database of experimentally supported enhancers for human and mouse,https://www.oxfordjournals.org/nar/database/summary/2013,True,http://www.licpathway.net/ENdb,http://www.licpathway.net/ENdb/,200,,,,,,,,http://dx.doi.org/10.1093/nar/gkz973,https://academic.oup.com/nar/advance-article/doi/10.1093/nar/gkz973/5608998
ENdb: a manually curated database of experimentally supported enhancers for human and mouse,https://www.oxfordjournals.org/nar/database/summary/2019,True,http://www.licpathway.net/ENdb,http://www.licpathway.net/ENdb/,200,,,,,,,,http://dx.doi.org/10.1093/nar/gkz973,https://academic.oup.com/nar/advance-article/doi/10.1093/nar/gkz973/5608998

Enzyme Nomenclature,https://www.oxfordjournals.org/nar/database/summary/459,True,http://www.chem.qmul.ac.uk/iubmb/enzyme/,https://www.qmul.ac.uk/undergraduate/coursefinder/courses/2022/chemistry/,200,2022-07-25,Metabolic and Signaling Pathways,Enzymes and enzyme nomenclature,,,,,,
IUBMB Nomenclature database,https://www.oxfordjournals.org/nar/database/summary/513,True,http://www.chem.qmul.ac.uk/iubmb/,https://www.qmul.ac.uk/undergraduate/coursefinder/courses/2022/chemistry/,200,2022-07-25,Genomics Databases (non-vertebrate),"Genome annotation terms, ontologies and nomenclature",,,,,,
IUPAC Nomenclature database,https://www.oxfordjournals.org/nar/database/summary/514,True,http://www.chem.qmul.ac.uk/iupac/,https://www.qmul.ac.uk/undergraduate/coursefinder/courses/2022/chemistry/,200,2022-07-25,Genomics Databases (non-vertebrate),"Genome annotation terms, ontologies and nomenclature",,,,,,

Europe PMC,https://www.oxfordjournals.org/nar/database/summary/179,False,https://europepmc.org,https://europepmc.org,200,,Other Molecular Biology Databases,,,,,,http://dx.doi.org/10.1093/nar/gkx1005,http://academic.oup.com/nar/article/46/D1/D1254/4637578
Europe PubMed Central,https://www.oxfordjournals.org/nar/database/summary/1453,False,http://europepmc.org/,http://europepmc.org/,200,,Other Molecular Biology Databases,,,,,,http://dx.doi.org/10.1093/nar/gku1061,https://academic.oup.com/nar/article/43/D1/D1042/2437114

European Nucleotide Archive,https://www.oxfordjournals.org/nar/database/summary/2242,True,https://www.ebi.ac.uk/ena,https://www.ebi.ac.uk/ena/browser/,200,2022-06-28,,,,,,,https://doi.org/10.1093/nar/gkaa1028,https://academic.oup.com/nar/article/49/D1/D82/5974094
European Nucleotide Archive,https://www.oxfordjournals.org/nar/database/summary/6,True,http://proteininformationresource.org/iPTMnet,https://proteininformationresource.org/iPTMnet/,200,2014-05-24,Nucleotide Sequence Databases,International Nucleotide Sequence Database Collaboration,,,,,https://doi.org/10.1093/nar/gkz1063,https://academic.oup.com/nar/advance-article/doi/10.1093/nar/gkz1063/5624970

ExAC browser,https://www.oxfordjournals.org/nar/database/summary/1968,True,http://exac.broadinstitute.org,https://exac.broadinstitute.org:443/,200,2022-01-21,Human Genes and Diseases,General polymorphism databases,,,,,http://dx.doi.org/10.1093/nar/1968,
Exome Aggregation Consortium,https://www.oxfordjournals.org/nar/database/summary/1758,True,http://exac.broadinstitute.org/,https://exac.broadinstitute.org:443/,200,2022-01-21,Human Genes and Diseases,General human genetics databases,,,,,,

Expression Atlas,https://www.oxfordjournals.org/nar/database/summary/1294,True,http://www.ebi.ac.uk/gxa,https://www.ebi.ac.uk/gxa/home,200,,Microarray Data and other Gene Expression Databases,,,,,,http://dx.doi.org/10.1093/nar/gkt1270,https://academic.oup.com/nar/article-lookup/doi/10.1093/nar/gkt1270
Expression Atlas,https://www.oxfordjournals.org/nar/database/summary/38,True,http://www.ebi.ac.uk/gxa,https://www.ebi.ac.uk/gxa/home,200,,Microarray Data and other Gene Expression Databases,,,,,,http://dx.doi.org/10.1093/nar/gkx1158,http://academic.oup.com/nar/article/46/D1/D246/4641906

FunCoup,https://www.oxfordjournals.org/nar/database/summary/1521,True,http://funcoup.sbc.su.se/,https://funcoup5.scilifelab.se/search/,200,,Metabolic and Signaling Pathways,Protein-protein interactions,,,,,http://dx.doi.org/10.1093/nar/gkt984,https://academic.oup.com/nar/article-lookup/doi/10.1093/nar/gkt984
FunCoup,https://www.oxfordjournals.org/nar/database/summary/91,True,http://funcoup.sbc.su.se,https://funcoup5.scilifelab.se/search/,200,,Metabolic and Signaling Pathways,,,,,,http://dx.doi.org/10.1093/nar/gkx1138,http://academic.oup.com/nar/article/46/D1/D601/4641901

GWIPS-viz,https://www.oxfordjournals.org/nar/database/summary/122,,http://gwips.ucc.ie,,<urlopen error [SSL: CERTIFICATE_VERIFY_FAILED] certificate verify failed: unable to get local issuer certificate (_ssl.c:1123)>,,Human and other Vertebrate Genomes,,,,,,http://dx.doi.org/10.1093/nar/gkx790,http://academic.oup.com/nar/article/46/D1/D823/4103596
GWIPS-viz,https://www.oxfordjournals.org/nar/database/summary/1715,,http://gwips.ucc.ie,,<urlopen error [SSL: CERTIFICATE_VERIFY_FAILED] certificate verify failed: unable to get local issuer certificate (_ssl.c:1123)>,,Human and other Vertebrate Genomes,"Human genome databases, maps and viewers",,,,,http://dx.doi.org/10.1093/nar/gkt1035,https://academic.oup.com/nar/article-lookup/doi/10.1093/nar/gkt1035

GenBank,https://www.oxfordjournals.org/nar/database/summary/2245,,www.ncbi.nlm.nih.gov/genbank/,,unknown url type: 'www.ncbi.nlm.nih.gov/genbank/',,,,,,,,https://doi.org/10.1093/nar/gkaa1023,https://academic.oup.com/nar/article/49/D1/D92/5983623
GenBank,https://www.oxfordjournals.org/nar/database/summary/7,,www.ncbi.nlm.nih.gov/genbank/,,unknown url type: 'www.ncbi.nlm.nih.gov/genbank/',,Nucleotide Sequence Databases,International Nucleotide Sequence Database Collaboration,,,,,https://doi.org/10.1093/nar/gkz956,https://academic.oup.com/nar/advance-article/doi/10.1093/nar/gkz956/5608994

Gene3D,https://www.oxfordjournals.org/nar/database/summary/472,,http://gene3d.biochem.ucl.ac.uk/Gene3D/,,HTTP Error 503: Service Temporarily Unavailable,,Structure Databases,Protein structure,,,,,http://dx.doi.org/10.1093/nar/gkt1205,https://academic.oup.com/nar/article-lookup/doi/10.1093/nar/gkt1205
Gene3D,https://www.oxfordjournals.org/nar/database/summary/66,,http://gene3d.biochem.ucl.ac.uk,,HTTP Error 503: Service Temporarily Unavailable,,Protein sequence databases,Databases of individual protein families,,,,,http://dx.doi.org/10.1093/nar/gkx1069,http://academic.oup.com/nar/article/46/D1/D435/4588111
Genomic Threading Database,https://www.oxfordjournals.org/nar/database/summary/489,,http://gene3d.biochem.ucl.ac.uk/Gene3D/,,HTTP Error 503: Service Temporarily Unavailable,,Structure Databases,Protein structure,,,,,,

Genomicus,https://www.oxfordjournals.org/nar/database/summary/121,True,http://genomicus.biologie.ens.fr/genomicus,https://www.genomicus.bio.ens.psl.eu/genomicus-106.01/cgi-bin/search.pl,200,,Genomics Databases (non-vertebrate),"Model organisms, comparative genomics",,,,,http://dx.doi.org/10.1093/nar/gkx1003,http://academic.oup.com/nar/article/46/D1/D816/4566017
Genomicus,https://www.oxfordjournals.org/nar/database/summary/1669,True,http://www.genomicus.biologie.ens.fr/,https://www.genomicus.bio.ens.psl.eu/,200,2013-03-04,Human and other Vertebrate Genomes,"Model organisms, comparative genomics",,,,,http://dx.doi.org/10.1093/nar/gku1112,http://academic.oup.com/nar/article/43/D1/D682/2437619/Genomicus-update-2015-KaryoView-and-MatrixView

Gramene,https://www.oxfordjournals.org/nar/database/summary/169,True,http://www.gramene.org,https://www.gramene.org/,200,2022-07-11,Protein sequence databases,,,,,,https://doi.org/10.1093/nar/gkaa979,https://academic.oup.com/nar/article/49/D1/D1452/5973447
Gramene,https://www.oxfordjournals.org/nar/database/summary/607,True,http://www.gramene.org/,https://www.gramene.org/,200,2022-07-11,Plant databases,General plant databases,,,,,http://dx.doi.org/10.1093/nar/gkt1110,https://academic.oup.com/nar/article-lookup/doi/10.1093/nar/gkt1110

HAGR,https://www.oxfordjournals.org/nar/database/summary/157,True,http://genomics.senescence.info/,https://genomics.senescence.info/,200,,Other Molecular Biology Databases,Drugs and drug design,,,,,http://dx.doi.org/10.1093/nar/gkx1042,http://academic.oup.com/nar/article/46/D1/D1083/4599180
HAGR - Human Ageing Genomic Resources,https://www.oxfordjournals.org/nar/database/summary/680,True,http://genomics.senescence.info/,https://genomics.senescence.info/,200,,Human Genes and Diseases,General human genetics databases,,,,,http://dx.doi.org/10.1093/nar/gks1155,http://academic.oup.com/nar/article/41/D1/D1027/1063611/Human-Ageing-Genomic-Resources-Integrated

HMDB,https://www.oxfordjournals.org/nar/database/summary/92,True,http://www.hmdb.ca,https://hmdb.ca/,200,,Metabolic and Signaling Pathways,Enzymes and enzyme nomenclature,,,,,http://dx.doi.org/10.1093/nar/gkx1089,http://academic.oup.com/nar/article/46/D1/D608/4616873
HMDB - The Human Metabolome Database,https://www.oxfordjournals.org/nar/database/summary/991,True,http://www.hmdb.ca/,https://hmdb.ca/,200,,Metabolic and Signaling Pathways,Metabolic pathways,,,,,http://dx.doi.org/10.1093/nar/gks1065,http://academic.oup.com/nar/article/41/D1/D801/1055560/HMDB-30The-Human-Metabolome-Database-in-2013

HOCOMOCO,https://www.oxfordjournals.org/nar/database/summary/1596,,"http://autosome.ru/HOCOMOCO, http://cbrc.kaust.edu.sa/hocomoco/",,"URL can't contain control characters. '/HOCOMOCO, http://cbrc.kaust.edu.sa/hocomoco/' (found at least ' ')",,Nucleotide Sequence Databases,Transcriptional regulator sites and transcription factors,,,,,http://dx.doi.org/10.1093/nar/gks1089,http://academic.oup.com/nar/article/41/D1/D195/1056610/HOCOMOCO-a-comprehensive-collection-of-human
HOCOMOCO,https://www.oxfordjournals.org/nar/database/summary/39,,http://hocomoco.autosome.ru/ and http://www.cbrc.kaust.edu.sa/hocomoco11/,,URL can't contain control characters. '/ and http://www.cbrc.kaust.edu.sa/hocomoco11/' (found at least ' '),,Nucleotide Sequence Databases,Transcriptional regulator sites and transcription factors,,,,,http://dx.doi.org/10.1093/nar/gkx1106,http://academic.oup.com/nar/article/46/D1/D252/4616875

Human OligoGenome Resource,https://www.oxfordjournals.org/nar/database/summary/1549,,http://oligogenome.stanford.edu/,,<urlopen error timed out>,,Other Molecular Biology Databases,Molecular probes and primers,,,,,http://dx.doi.org/10.1093/nar/GKR973,https://academic.oup.com/nar/article-lookup/doi/10.1093/nar/gkr973
SuperTarget,https://www.oxfordjournals.org/nar/database/summary/1136,,http://insilico.charite.de/supertarget/,,<urlopen error [Errno -2] Name or service not known>,,Other Molecular Biology Databases,Drugs and drug design,,,,,http://dx.doi.org/10.1093/nar/GKR973,https://academic.oup.com/nar/article-lookup/doi/10.1093/nar/gkr973

IKMC,https://www.oxfordjournals.org/nar/database/summary/1316,True,http://www.knockoutmouse.org/,https://www.mousephenotype.org/,200,,Human and other Vertebrate Genomes,"Model organisms, comparative genomics",,,,,http://dx.doi.org/10.1093/nar/gkq879,https://academic.oup.com/nar/article-lookup/doi/10.1093/nar/gkq879
IMPC,https://www.oxfordjournals.org/nar/database/summary/1711,True,http://www.mousephenotype.org,https://www.mousephenotype.org/,200,,Human and other Vertebrate Genomes,"Model organisms, comparative genomics",,,,,http://dx.doi.org/10.1093/nar/gkt977,https://academic.oup.com/nar/article-lookup/doi/10.1093/nar/gkt977
International Mouse Phenotyping Consortium Database,https://www.oxfordjournals.org/nar/database/summary/1071,False,https://www.mousephenotype.org/,https://www.mousephenotype.org/,200,,Human and other Vertebrate Genomes,"Model organisms, comparative genomics",,,,,,

IMG Genomes,https://www.oxfordjournals.org/nar/database/summary/828,True,http://img.jgi.doe.gov/,https://img.jgi.doe.gov/,200,,Genomics Databases (non-vertebrate),Prokaryotic genome databases,,,,,http://dx.doi.org/10.1093/nar/gkaa946,https://academic.oup.com/nar/article/49/D1/D764/5952208
IMG/VR v3,https://www.oxfordjournals.org/nar/database/summary/1945,False,https://img.jgi.doe.gov/vr/,https://img.jgi.doe.gov/vr/,200,,Genomics Databases (non-vertebrate),Viral genome databases,,,,,https://doi.org/10.1093/nar/gkaa946,https://academic.oup.com/nar/article/49/D1/D764/5952208

IMGT/3Dstructure-DB,https://www.oxfordjournals.org/nar/database/summary/502,True,http://www.imgt.org/,https://www.imgt.org/,200,,Structure Databases,Protein structure,,,,,http://dx.doi.org/10.1093/nar/gkp946,https://academic.oup.com/nar/article-lookup/doi/10.1093/nar/gkp946
IMGT/PRIMER-DB,https://www.oxfordjournals.org/nar/database/summary/505,True,http://www.imgt.org/,https://www.imgt.org/,200,,Other Molecular Biology Databases,Molecular probes and primers,,,,,,
IMGT/mAb-DB,https://www.oxfordjournals.org/nar/database/summary/1782,True,http://www.imgt.org,https://www.imgt.org/,200,,Immunological databases,,,,,,http://dx.doi.org/10.1093/nar/gku1056,http://academic.oup.com/nar/article/43/D1/D413/2436677/IMGT-the-international-ImMunoGeneTics-information

IUPHAR/BPS Guide to Pharmacology,https://www.oxfordjournals.org/nar/database/summary/158,True,http://www.guidetopharmacology.org,https://www.guidetopharmacology.org/,200,,Human Genes and Diseases,General human genetics databases,,,,,http://dx.doi.org/10.1093/nar/gkx1121,https://academic.oup.com/nar/article/46/D1/D1091/4628131
IUPHAR/BPS Guide to Pharmacology,https://www.oxfordjournals.org/nar/database/summary/1737,True,http://www.guidetopharmacology.org,https://www.guidetopharmacology.org/,200,,Other Molecular Biology Databases,Drugs and drug design,,,,,https://doi.org/10.1093/nar/gkv1037,https://academic.oup.com/nar/article-lookup/doi/10.1093/nar/gkv1037

JASPAR,https://www.oxfordjournals.org/nar/database/summary/40,True,http://jaspar.genereg.net,https://jaspar.genereg.net/,200,,Nucleotide Sequence Databases,Transcriptional regulator sites and transcription factors,,,,,http://dx.doi.org/10.1093/nar/gkx1126,http://academic.oup.com/nar/article/46/D1/D260/4621338
JASPAR,https://www.oxfordjournals.org/nar/database/summary/516,True,http://jaspar.genereg.net,https://jaspar.genereg.net/,200,,Nucleotide Sequence Databases,Transcriptional regulator sites and transcription factors,,,,,http://dx.doi.org/10.1093/nar/gkz1001,https://academic.oup.com/nar/advance-article/doi/10.1093/nar/gkz1001/5614568

MODOMICS,https://www.oxfordjournals.org/nar/database/summary/46,True,http://modomics.genesilico.pl,https://iimcb.genesilico.pl/modomics/,200,,RNA sequence databases,,,,,,http://dx.doi.org/10.1093/nar/gkx1030,http://academic.oup.com/nar/article/46/D1/D303/4584632
MODOMICS,https://www.oxfordjournals.org/nar/database/summary/840,False,http://genesilico.pl/modomics/,http://genesilico.pl/modomics/,200,,RNA sequence databases,,Metabolic and Signaling Pathways,Metabolic pathways,,,http://dx.doi.org/10.1093/nar/gks1007,http://academic.oup.com/nar/article/41/D1/D262/1050979/MODOMICS-a-database-of-RNA-modification

MeT-DB,https://www.oxfordjournals.org/nar/database/summary/1771,False,http://compgenomics.utsa.edu/methylation/,http://compgenomics.utsa.edu/methylation/,200,2018-07-03,RNA sequence databases,,,,,,http://dx.doi.org/10.1093/nar/gku1024,http://academic.oup.com/nar/article/43/D1/D197/2435474/MeTDB-a-database-of-transcriptome-methylation-in
MeT-DB,https://www.oxfordjournals.org/nar/database/summary/43,,http://compgenomics.utsa.edu/MeTDB/ and http://www.xjtlu.edu.cn/metdb2,,URL can't contain control characters. '/MeTDB/ and http://www.xjtlu.edu.cn/metdb2' (found at least ' '),,RNA sequence databases,,,,,,http://dx.doi.org/10.1093/nar/gkx1080,http://academic.oup.com/nar/article/46/D1/D281/4602872

MemMoRF,https://www.oxfordjournals.org/nar/database/summary/2104,False,https://memmorf.hegelab.org/,https://memmorf.hegelab.org/,200,,Protein sequence databases,Protein properties,,,,,http://dx.doi.org/10.1093/nar/gkaa954,https://academic.oup.com/nar/article/49/D1/D355/5943195
MemMoRF,https://www.oxfordjournals.org/nar/database/summary/2269,True,http://memmorf.hegelab.org,https://memmorf.hegelab.org/,200,,,,,,,,https://doi.org/10.1093/nar/gkaa954,https://academic.oup.com/nar/article/49/D1/D355/5943195

MetalPDB,https://www.oxfordjournals.org/nar/database/summary/1575,,http://metalweb.cerm.unifi.it/,,<urlopen error [SSL: CERTIFICATE_VERIFY_FAILED] certificate verify failed: unable to get local issuer certificate (_ssl.c:1123)>,,Structure Databases,Nucleic acid structure,,,,,http://dx.doi.org/10.1093/nar/gks1063,http://academic.oup.com/nar/article/41/D1/D312/1055329/MetalPDB-a-database-of-metal-sites-in-biological
MetalPDB,https://www.oxfordjournals.org/nar/database/summary/70,,http://metalweb.cerm.unifi.it/,,<urlopen error [SSL: CERTIFICATE_VERIFY_FAILED] certificate verify failed: unable to get local issuer certificate (_ssl.c:1123)>,,Protein sequence databases,Protein sequence motifs and active sites,,,,,http://dx.doi.org/10.1093/nar/gkx989,http://academic.oup.com/nar/article/46/D1/D459/4564802

MethBank,https://www.oxfordjournals.org/nar/database/summary/1763,,http://dnamethylome.org,,<urlopen error timed out>,,Nucleotide Sequence Databases,Coding and non-coding DNA,,,,,http://dx.doi.org/10.1093/nar/gku920,http://academic.oup.com/nar/article/43/D1/D54/2439491/MethBank-a-database-integrating-nextgeneration
MethBank,https://www.oxfordjournals.org/nar/database/summary/44,,http://bigd.big.ac.cn/methbank,,Remote end closed connection without response,,Nucleotide Sequence Databases,Coding and non-coding DNA,,,,,http://dx.doi.org/10.1093/nar/gkx1139,http://academic.oup.com/nar/article/46/D1/D288/4637581

Minimotif Miner,https://www.oxfordjournals.org/nar/database/summary/1283,,http://mnm.engr.uconn.edu/,,<urlopen error [Errno 111] Connection refused>,,Protein sequence databases,Protein sequence motifs and active sites,,,,,http://dx.doi.org/10.1093/nar/GKR1189,https://academic.oup.com/nar/article-lookup/doi/10.1093/nar/gkr1189
Minimotif miner,https://www.oxfordjournals.org/nar/database/summary/71,,http://minimotifminer.org and mnm.engr.uconn.edu,,URL can't contain control characters. 'minimotifminer.org and mnm.engr.uconn.edu' (found at least ' '),,Protein sequence databases,Protein properties,,,,,http://dx.doi.org/10.1093/nar/gkx1085,http://academic.oup.com/nar/article/46/D1/D465/4616869

MobiDB,https://www.oxfordjournals.org/nar/database/summary/1773,True,http://mobidb.bio.unipd.it/,https://mobidb.bio.unipd.it/,200,2022-06-09,Protein sequence databases,Protein properties,,,,,http://dx.doi.org/10.1093/nar/gku982,http://academic.oup.com/nar/article/43/D1/D315/2439671/MobiDB-20-an-improved-database-of-intrinsically
MobiDB,https://www.oxfordjournals.org/nar/database/summary/72,False,https://mobidb.org,https://mobidb.org,200,2022-06-09,Protein sequence databases,Protein domain databases; protein classification,,,,,https://doi.org/10.1093/nar/gkaa1058,https://academic.oup.com/nar/article/49/D1/D361/6006190

MoonProt,https://www.oxfordjournals.org/nar/database/summary/1775,False,http://www.moonlightingproteins.org/,http://www.moonlightingproteins.org/,200,,Protein sequence databases,Databases of individual protein families,,,,,http://dx.doi.org/10.1093/nar/gku954,http://academic.oup.com/nar/article/43/D1/D277/2439523/MoonProt-a-database-for-proteins-that-are-known-to
MoonProt,https://www.oxfordjournals.org/nar/database/summary/96,False,http://moonlightingproteins.org,http://moonlightingproteins.org,200,2019-03-20,Metabolic and Signaling Pathways,Enzymes and enzyme nomenclature,,,,,https://doi.org/10.1093/nar/gkaa1101,https://academic.oup.com/nar/article/49/D1/D368/6007658

Mouse Phenome Database,https://www.oxfordjournals.org/nar/database/summary/125,False,https://phenome.jax.org,https://phenome.jax.org,200,,Human and other Vertebrate Genomes,"Model organisms, comparative genomics",,,,,http://dx.doi.org/10.1093/nar/gkx1082,http://academic.oup.com/nar/article/46/D1/D843/4612967
Mouse Phenome Database,https://www.oxfordjournals.org/nar/database/summary/995,True,http://phenome.jax.org/,https://phenome.jax.org/,200,,Human and other Vertebrate Genomes,"Model organisms, comparative genomics",,,,,http://dx.doi.org/10.1093/nar/gkt1159,https://academic.oup.com/nar/article-lookup/doi/10.1093/nar/gkt1159

NLSdb,https://www.oxfordjournals.org/nar/database/summary/376,True,http://rostlab.org/services/nlsdb/,https://rostlab.org/services/nlsdb/,200,,Protein sequence databases,Protein localization and targeting,,,,,,
NLSdb,https://www.oxfordjournals.org/nar/database/summary/77,False,https://rostlab.org/services/nlsdb/,https://rostlab.org/services/nlsdb/,200,,,,,,,,http://dx.doi.org/10.1093/nar/gkx1021,http://academic.oup.com/nar/article/46/D1/D503/4584625

Network of Cancer Genes,https://www.oxfordjournals.org/nar/database/summary/1373,,http://bio.ifom-ieo-campus.it/ncg,,HTTP Error 404: Not Found,,Human Genes and Diseases,Cancer gene databases,,,,,http://dx.doi.org/10.1093/nar/GKR952,https://academic.oup.com/nar/article-lookup/doi/10.1093/nar/gkr952
dbDEPC,https://www.oxfordjournals.org/nar/database/summary/1374,,http://lifecenter.sgst.cn/dbdepc/index.do,,<urlopen error [Errno -2] Name or service not known>,,Human Genes and Diseases,Cancer gene databases,,,,,http://dx.doi.org/10.1093/nar/GKR952,https://academic.oup.com/nar/article-lookup/doi/10.1093/nar/gkr952

OMA,https://www.oxfordjournals.org/nar/database/summary/1426,True,http://www.omabrowser.org,https://omabrowser.org/,200,2018-03-15,Protein sequence databases,Protein domain databases; protein classification,,,,,http://dx.doi.org/10.1093/nar/gku1158,http://academic.oup.com/nar/article/43/D1/D240/2438427/The-OMA-orthology-database-in-2015-function
OMA,https://www.oxfordjournals.org/nar/database/summary/73,False,https://omabrowser.org,https://omabrowser.org,200,2018-03-15,Structure Databases,,,,,,https://doi.org/10.1093/nar/gkaa1007,https://academic.oup.com/nar/article/49/D1/D373/5974092

Open Targets,https://www.oxfordjournals.org/nar/database/summary/1976,True,https://targetvalidation.org,https://platform.opentargets.org/,200,2022-07-04,Other Molecular Biology Databases,Drugs and drug design,,,,,https://doi.org/10.1093/nar/gkaa1027,https://academic.oup.com/nar/article/49/D1/D1302/5983621
Open Targets,https://www.oxfordjournals.org/nar/database/summary/1991,True,https://www.targetvalidation.org/,https://platform.opentargets.org/,200,2022-07-04,Proteomics Resources,,,,,,http://dx.doi.org/10.1093/nar/1988,

PDBe,https://www.oxfordjournals.org/nar/database/summary/456,True,http://www.ebi.ac.uk/pdbe/,https://www.ebi.ac.uk/pdbe/,200,,Structure Databases,Protein structure,,,,,https://doi.org/10.1093/nar/gkz990,https://academic.oup.com/nar/advance-article/doi/10.1093/nar/gkz990/5613681
PDBe,https://www.oxfordjournals.org/nar/database/summary/74,True,http://pdbe.org,https://www.ebi.ac.uk/pdbe/,200,,Protein sequence databases,Protein domain databases; protein classification,,,,,http://dx.doi.org/10.1093/nar/gkz990,https://academic.oup.com/nar/advance-article/doi/10.1093/nar/gkz990/5613681

PED,https://www.oxfordjournals.org/nar/database/summary/159,True,http://www.pancreasexpression.org,https://www.pancreasexpression.org/home/,200,,Other Molecular Biology Databases,Drugs and drug design,,,,,http://dx.doi.org/10.1093/nar/gkx955,http://academic.oup.com/nar/article/doi/10.1093/nar/gkx955/4559710
Pancreas Expression,https://www.oxfordjournals.org/nar/database/summary/1325,True,http://www.pancreasexpression.org,https://www.pancreasexpression.org/home/,200,,Human Genes and Diseases,Cancer gene databases,,,,,http://dx.doi.org/10.1093/nar/gkt959,https://academic.oup.com/nar/article-lookup/doi/10.1093/nar/gkt959

PK-DB,https://www.oxfordjournals.org/nar/database/summary/2281,False,https://pk-db.com/,https://pk-db.com/,200,2022-06-12,,,,,,,https://doi.org/10.1093/nar/gkaa990,https://academic.oup.com/nar/article/49/D1/D1358/5957165
PKDB - Pharmacokinetics Database,https://www.oxfordjournals.org/nar/database/summary/2109,False,https://pk-db.com,https://pk-db.com,200,2022-06-12,,,,,,,http://dx.doi.org/,

PLAZA,https://www.oxfordjournals.org/nar/database/summary/170,True,https://bioinformatics.psb.ugent.be/plaza,https://bioinformatics.psb.ugent.be/plaza/,200,,Plant databases,General plant databases,,,,,http://dx.doi.org/10.1093/nar/gkx1002,http://academic.oup.com/nar/article/46/D1/D1190/4561641
PLAZA,https://www.oxfordjournals.org/nar/database/summary/1818,True,http://bioinformatics.psb.ugent.be/plaza/,https://bioinformatics.psb.ugent.be/plaza/,200,,Plant databases,General plant databases,,,,,http://dx.doi.org/10.1093/nar/gku986,http://academic.oup.com/nar/article/43/D1/D974/2439811/PLAZA-30-an-access-point-for-plant-comparative

PRGdb,https://www.oxfordjournals.org/nar/database/summary/1388,True,http://www.prgdb.org,http://www.prgdb.org/prgdb4/,200,,Plant databases,General plant databases,,,,,http://dx.doi.org/10.1093/nar/gks1183,http://academic.oup.com/nar/article/41/D1/D1167/1067378/PRGdb-20-towards-a-communitybased-database-model
PRGdb,https://www.oxfordjournals.org/nar/database/summary/171,True,http://prgdb.org,http://prgdb.org/prgdb4/,200,,Plant databases,,,,,,http://dx.doi.org/10.1093/nar/gkx1119,http://academic.oup.com/nar/article/46/D1/D1197/4634007

Plant Ontology database,https://www.oxfordjournals.org/nar/database/summary/926,True,http://www.plantontology.org/,https://planteome.org/,200,,Genomics Databases (non-vertebrate),"Genome annotation terms, ontologies and nomenclature",Plant databases,General plant databases,,,,
Planteome,https://www.oxfordjournals.org/nar/database/summary/168,True,http://www.planteome.org,https://planteome.org/,200,,,,,,,,http://dx.doi.org/10.1093/nar/gkx1152,http://academic.oup.com/nar/article/46/D1/D1168/4653531

PolyA_DB,https://www.oxfordjournals.org/nar/database/summary/48,,http://www.polya-db.org/v3.beta/,,<urlopen error [Errno 111] Connection refused>,,RNA sequence databases,,,,,,http://dx.doi.org/10.1093/nar/gkx1000,http://academic.oup.com/nar/article/46/D1/D315/4561640
PolyA_DB,https://www.oxfordjournals.org/nar/database/summary/723,,http://exon.apps.wistar.org/PolyA_DB/v3,,<urlopen error [Errno 111] Connection refused>,,RNA sequence databases,,,,,,https://doi.org/10.1093/nar/gki055,https://academic.oup.com/nar/article-lookup/doi/10.1093/nar/gki055

ProteomeXchange,https://www.oxfordjournals.org/nar/database/summary/1986,False,http://www.proteomexchange.org/,http://www.proteomexchange.org/,200,2021-11-25,Proteomics Resources,,,,,,http://dx.doi.org/10.1093/nar/1986,
ProteomeXchange,https://www.oxfordjournals.org/nar/database/summary/1987,False,http://www.proteomexchange.org/,http://www.proteomexchange.org/,200,2021-11-25,Proteomics Resources,,,,,,http://dx.doi.org/10.1093/nar/1986,

RCSB Protein Data Bank,https://www.oxfordjournals.org/nar/database/summary/276,True,http://www.rcsb.org/,https://www.rcsb.org/,200,,Structure Databases,Protein structure,,,,,https://doi.org/10.1093/nar/gkaa1038,https://academic.oup.com/nar/article/49/D1/D437/5992282
TargetDB,https://www.oxfordjournals.org/nar/database/summary/764,True,http://targetdb.pdb.org/,https://www.rcsb.org/,200,,Structure Databases,Protein structure,,,,,,

RMBase,https://www.oxfordjournals.org/nar/database/summary/1843,,http://mirlab.sysu.edu.cn/rmbase/,,<urlopen error timed out>,,RNA sequence databases,,,,,,http://dx.doi.org/10.1093/nar/gkv1036,https://academic.oup.com/nar/article-lookup/doi/10.1093/nar/gkv1036
RMBase,https://www.oxfordjournals.org/nar/database/summary/50,True,http://rna.sysu.edu.cn/rmbase/,https://rna.sysu.edu.cn/rmbase/,200,,RNA sequence databases,,,,,,http://dx.doi.org/10.1093/nar/gkx934,http://academic.oup.com/nar/article/46/D1/D327/4429298

RMVar,https://www.oxfordjournals.org/nar/database/summary/2289,True,http://rmvar.renlab.org,https://rmvar.renlab.org/,200,2020-11-03,,,,,,,https://doi.org/10.1093/nar/gkaa811,https://academic.oup.com/nar/article/49/D1/D1405/5918317
m6AVar,https://www.oxfordjournals.org/nar/database/summary/22,True,http://m6avar.renlab.org/,https://rmvar.renlab.org/,200,2020-11-03,,,,,,,http://dx.doi.org/10.1093/nar/gkx895,http://academic.oup.com/nar/article/46/D1/D139/4316107

Reactome,https://www.oxfordjournals.org/nar/database/summary/612,True,http://www.reactome.org/,https://reactome.org/,200,2022-07-25,Metabolic and Signaling Pathways,Metabolic pathways,,,,,http://dx.doi.org/10.1093/nar/gkt1102,https://academic.oup.com/nar/article-lookup/doi/10.1093/nar/gkt1102
Reactome,https://www.oxfordjournals.org/nar/database/summary/98,False,https://reactome.org,https://reactome.org,200,2022-07-25,Metabolic and Signaling Pathways,,,,,,http://dx.doi.org/10.1093/nar/gkx1132,http://academic.oup.com/nar/article/46/D1/D649/4626770

RefSeq,https://www.oxfordjournals.org/nar/database/summary/126,False,https://www.ncbi.nlm.nih.gov/refseq/,https://www.ncbi.nlm.nih.gov/refseq/,200,,Human and other Vertebrate Genomes,"Model organisms, comparative genomics",,,,,https://doi.org/10.1093/nar/gkaa1105,https://academic.oup.com/nar/article/49/D1/D1020/6018440
RefSeq (microbial),https://www.oxfordjournals.org/nar/database/summary/391,True,http://www.ncbi.nlm.nih.gov/RefSeq/,https://www.ncbi.nlm.nih.gov/refseq/,200,,Nucleotide Sequence Databases,Coding and non-coding DNA,,,,,http://dx.doi.org/10.1093/nar/gku1062,http://academic.oup.com/nar/article/43/D1/D599/2437129/Update-on-RefSeq-microbial-genomes-resources

Rfam,https://www.oxfordjournals.org/nar/database/summary/382,False,http://rfam.xfam.org/,http://rfam.xfam.org/,200,2022-07-25,RNA sequence databases,,,,,,http://dx.doi.org/10.1093/nar/gku1063,http://academic.oup.com/nar/article/43/D1/D130/2437148/Rfam-120-updates-to-the-RNA-families-database
Rfam,https://www.oxfordjournals.org/nar/database/summary/51,True,http://rfam.org,https://rfam.org/,200,2022-07-25,RNA sequence databases,,,,,,http://dx.doi.org/10.1093/nar/gkaa1047,https://academic.oup.com/nar/article/49/D1/D192/5992291

SABIO-RK,https://www.oxfordjournals.org/nar/database/summary/1516,False,http://sabiork.h-its.org/,http://sabiork.h-its.org/,200,,Metabolic and Signaling Pathways,Enzymes and enzyme nomenclature,,,,,http://dx.doi.org/10.1093/nar/GKR1046,https://academic.oup.com/nar/article-lookup/doi/10.1093/nar/gkr1046
SABIO-RK,https://www.oxfordjournals.org/nar/database/summary/99,False,http://sabiork.h-its.org/,http://sabiork.h-its.org/,200,,Metabolic and Signaling Pathways,Metabolic pathways,,,,,http://dx.doi.org/10.1093/nar/gkx1065,http://academic.oup.com/nar/article/46/D1/D656/4577570

SGD,https://www.oxfordjournals.org/nar/database/summary/109,True,http://www.yeastgenome.org,https://www.yeastgenome.org:443/,200,,Genomics Databases (non-vertebrate),Prokaryotic genome databases,,,,,http://dx.doi.org/10.1093/nar/gkx1112,http://academic.oup.com/nar/article/46/D1/D736/4616877
SGD - Saccharomyces Genome Database,https://www.oxfordjournals.org/nar/database/summary/357,True,http://www.yeastgenome.org/,https://www.yeastgenome.org:443/,200,,Genomics Databases (non-vertebrate),Fungal genome databases,,,,,http://dx.doi.org/10.1093/nar/gkt1158,https://academic.oup.com/nar/article-lookup/doi/10.1093/nar/gkt1158

SMART,https://www.oxfordjournals.org/nar/database/summary/218,False,http://smart.embl.de/,http://smart.embl.de/,200,,Protein sequence databases,Protein domain databases; protein classification,,,,,https://doi.org/10.1093/nar/gkaa937,https://academic.oup.com/nar/article/49/D1/D458/5940513
SMART,https://www.oxfordjournals.org/nar/database/summary/75,False,http://smart.embl.de,http://smart.embl.de,200,,Protein sequence databases,,,,,,http://dx.doi.org/10.1093/nar/gkx922,http://academic.oup.com/nar/article/46/D1/D493/4429069

SSRome,https://www.oxfordjournals.org/nar/database/summary/2117,False,http://mggm-lab.easyomics.org,http://mggm-lab.easyomics.org,200,,Organelle databases,,,,,,https://doi.org/10.1093/nar/gky998,https://academic.oup.com/nar/article/47/D1/D244/5144968
SSRome: an integrated database and pipelines for exploring microsatellites in all organisms,https://www.oxfordjournals.org/nar/database/summary/2053,,,,,,,,,,,,http://dx.doi.org/10.1093/nar/gky998,https://academic.oup.com/nar/article/47/D1/D244/5144968

SubtiWiki,https://www.oxfordjournals.org/nar/database/summary/110,False,http://subtiwiki.uni-goettingen.de/,http://subtiwiki.uni-goettingen.de/,200,,Genomics Databases (non-vertebrate),Prokaryotic genome databases,,,,,http://dx.doi.org/10.1093/nar/gkx908,http://academic.oup.com/nar/article/46/D1/D743/4372578
SubtiWiki,https://www.oxfordjournals.org/nar/database/summary/1563,False,http://subtiwiki.uni-goettingen.de/,http://subtiwiki.uni-goettingen.de/,200,,Genomics Databases (non-vertebrate),Prokaryotic genome databases,,,,,http://dx.doi.org/10.1093/nar/gkt1002,https://academic.oup.com/nar/article-lookup/doi/10.1093/nar/gkt1002

TADB,https://www.oxfordjournals.org/nar/database/summary/111,True,http://bioinfo-mml.sjtu.edu.cn/TADB2/,https://bioinfo-mml.sjtu.edu.cn/TADB2/,200,2021-06-15,,,,,,,http://dx.doi.org/10.1093/nar/gkx1033,http://academic.oup.com/nar/article/46/D1/D749/4584634
TADB,https://www.oxfordjournals.org/nar/database/summary/1333,True,http://bioinfo-mml.sjtu.edu.cn/TADB/,https://bioinfo-mml.sjtu.edu.cn/TADB/,200,,Genomics Databases (non-vertebrate),Prokaryotic genome databases,,,,,http://dx.doi.org/10.1093/nar/gkq908,https://academic.oup.com/nar/article-lookup/doi/10.1093/nar/gkq908

TBDB,https://www.oxfordjournals.org/nar/database/summary/1203,,http://tbdb.org/,,HTTP Error 403: Forbidden,,Genomics Databases (non-vertebrate),Prokaryotic genome databases,,,,,,
TBDB,https://www.oxfordjournals.org/nar/database/summary/2292,False,https://tbdb.io,https://tbdb.io,200,,,,,,,,https://doi.org/10.1093/nar/gkaa721,https://academic.oup.com/nar/article/49/D1/D229/5901078

TCMID,https://www.oxfordjournals.org/nar/database/summary/161,,http://www.megabionet.org/tcmid/,,<urlopen error [Errno 111] Connection refused>,,Human Genes and Diseases,General polymorphism databases,,,,,http://dx.doi.org/10.1093/nar/gkx1028,http://academic.oup.com/nar/article/46/D1/D1117/4584630
TCMID,https://www.oxfordjournals.org/nar/database/summary/1650,,http://www.megabionet.org/tcmid/,,<urlopen error [Errno 111] Connection refused>,,Other Molecular Biology Databases,,,,,,http://dx.doi.org/10.1093/nar/gks1100,http://academic.oup.com/nar/article/41/D1/D1089/1057998/TCMID-traditional-Chinese-medicine-integrative

TFClass,https://www.oxfordjournals.org/nar/database/summary/1571,False,http://tfclass.bioinf.med.uni-goettingen.de/,http://tfclass.bioinf.med.uni-goettingen.de/,200,,Nucleotide Sequence Databases,Transcriptional regulator sites and transcription factors,,,,,,
TFClass,https://www.oxfordjournals.org/nar/database/summary/52,False,http://tfclass.bioinf.med.uni-goettingen.de,http://tfclass.bioinf.med.uni-goettingen.de,200,,Nucleotide Sequence Databases,Transcriptional regulator sites and transcription factors,,,,,http://dx.doi.org/10.1093/nar/gkx987,http://academic.oup.com/nar/article/46/D1/D343/4566021

TRANSCompel®,https://www.oxfordjournals.org/nar/database/summary/345,True,http://www.gene-regulation.com/pub/databases.html#transcompel,http://gene-regulation.com/pub/databases.html,200,2022-05-03,Nucleotide Sequence Databases,Transcriptional regulator sites and transcription factors,,,,,,
TRANSPATH®,https://www.oxfordjournals.org/nar/database/summary/341,True,http://www.gene-regulation.com/pub/databases.html#transpath,http://gene-regulation.com/pub/databases.html,200,2022-05-03,Nucleotide Sequence Databases,Transcriptional regulator sites and transcription factors,Metabolic and Signaling Pathways,Protein-protein interactions,,,,

TTD,https://www.oxfordjournals.org/nar/database/summary/162,,http://bidd.nus.edu.sg/group/ttd/ttd.asp,,<urlopen error timed out>,,Other Molecular Biology Databases,,,,,,http://dx.doi.org/10.1093/nar/gkx1076,https://academic.oup.com/nar/article/46/D1/D1121/4621327
TTD,https://www.oxfordjournals.org/nar/database/summary/2114,,http://db.idrblab.org/ttd/,,HTTP Error 503: Service Temporarily Unavailable,,Other Molecular Biology Databases,Drugs and drug design,,,,,https://doi.org/10.1093/nar/gkz981,https://academic.oup.com/nar/advance-article/doi/10.1093/nar/gkz981/5613683

UCSC Genome Browser,https://www.oxfordjournals.org/nar/database/summary/113,False,https://genome.ucsc.edu,https://genome.ucsc.edu,200,,Human and other Vertebrate Genomes,"Human genome databases, maps and viewers",,,,,http://dx.doi.org/10.1093/nar/gkaa1070,https://academic.oup.com/nar/article/49/D1/D1046/5998393
UCSC Genome Browser,https://www.oxfordjournals.org/nar/database/summary/316,False,http://genome.ucsc.edu/,http://genome.ucsc.edu/,200,,Human and other Vertebrate Genomes,"Human genome databases, maps and viewers",,,,,http://dx.doi.org/10.1093/nar/gkv1275,https://academic.oup.com/nar/article-lookup/doi/10.1093/nar/gkv1275

WikiPathways,https://www.oxfordjournals.org/nar/database/summary/100,True,http://wikipathways.org/,https://www.wikipathways.org/index.php/WikiPathways,200,,,,,,,,https://doi.org/10.1093/nar/gkaa1024,https://academic.oup.com/nar/article/49/D1/D613/5992285
WikiPathways,https://www.oxfordjournals.org/nar/database/summary/1565,True,http://www.wikipathways.org,https://www.wikipathways.org/index.php/WikiPathways,200,,Metabolic and Signaling Pathways,Metabolic pathways,,,,,http://dx.doi.org/10.1093/nar/GKR1074,https://academic.oup.com/nar/article-lookup/doi/10.1093/nar/gkr1074

XenBase,https://www.oxfordjournals.org/nar/database/summary/1151,True,http://www.xenbase.org,https://www.xenbase.org/entry/,200,,Human and other Vertebrate Genomes,"Model organisms, comparative genomics",,,,,http://dx.doi.org/10.1093/nar/gku956,http://academic.oup.com/nar/article/43/D1/D756/2439525/Xenbase-the-Xenopus-model-organism-database-new
Xenbase,https://www.oxfordjournals.org/nar/database/summary/127,True,http://www.xenbase.org,https://www.xenbase.org/entry/,200,,Human and other Vertebrate Genomes,,,,,,http://dx.doi.org/10.1093/nar/gkx936,http://academic.oup.com/nar/article/46/D1/D861/4559118

YEASTRACT,https://www.oxfordjournals.org/nar/database/summary/53,False,http://www.yeastract.com/,http://www.yeastract.com/,200,,Nucleotide Sequence Databases,Transcriptional regulator sites and transcription factors,,,,,http://dx.doi.org/10.1093/nar/gkx842,http://academic.oup.com/nar/article/46/D1/D348/4191333
YEASTRACT,https://www.oxfordjournals.org/nar/database/summary/792,False,http://www.yeastract.com/,http://www.yeastract.com/,200,,Nucleotide Sequence Databases,Transcriptional regulator sites and transcription factors,Genomics Databases (non-vertebrate),Fungal genome databases,,,http://dx.doi.org/10.1093/nar/gkt1015,https://academic.oup.com/nar/article-lookup/doi/10.1093/nar/gkt1015

iBeetle-Base,https://www.oxfordjournals.org/nar/database/summary/123,False,http://ibeetle-base.uni-goettingen.de/,http://ibeetle-base.uni-goettingen.de/,200,,Human and other Vertebrate Genomes,Invertebrate genome databases,,,,,http://dx.doi.org/10.1093/nar/gkx984,http://academic.oup.com/nar/article/46/D1/D831/4563309
iBeetle-Base,https://www.oxfordjournals.org/nar/database/summary/1795,False,http://ibeetle-base.uni-goettingen.de,http://ibeetle-base.uni-goettingen.de,200,,Genomics Databases (non-vertebrate),Invertebrate genome databases,,,,,http://dx.doi.org/10.1093/nar/gku1054,http://academic.oup.com/nar/article/43/D1/D720/2436544/iBeetleBase-a-database-for-RNAi-phenotypes-in-the

mVOC,https://www.oxfordjournals.org/nar/database/summary/1687,,http://bioinformatics.charite.de/mvoc,,<urlopen error [Errno 111] Connection refused>,,Structure Databases,Small molecules,,,,,http://dx.doi.org/10.1093/nar/gkt1250,https://academic.oup.com/nar/article-lookup/doi/10.1093/nar/gkt1250
mVOC,https://www.oxfordjournals.org/nar/database/summary/180,,http://bioinformatics.charite.de/mvoc,,<urlopen error [Errno 104] Connection reset by peer>,,,,,,,,http://dx.doi.org/10.1093/nar/gkx1016,http://academic.oup.com/nar/article/46/D1/D1261/4584642

miRTarBase,https://www.oxfordjournals.org/nar/database/summary/1423,,http://mirtarbase.mbc.nctu.edu.tw,,<urlopen error [Errno -2] Name or service not known>,,RNA sequence databases,,,,,,http://dx.doi.org/10.1093/nar/gkz896,https://academic.oup.com/nar/advance-article/doi/10.1093/nar/gkz896/5606625
miRTarBase,https://www.oxfordjournals.org/nar/database/summary/45,,http://miRTarBase.mbc.nctu.edu.tw/,,<urlopen error [Errno -2] Name or service not known>,,Nucleotide Sequence Databases,,,,,,http://dx.doi.org/10.1093/nar/gkx1067,http://academic.oup.com/nar/article/46/D1/D296/4595852

sORFs,https://www.oxfordjournals.org/nar/database/summary/1848,False,http://www.sorfs.org,http://www.sorfs.org,200,,Protein sequence databases,Protein domain databases; protein classification,,,,,http://dx.doi.org/10.1093/nar/gkv1175,https://academic.oup.com/nar/article-lookup/doi/10.1093/nar/gkv1175
sORFs.org,https://www.oxfordjournals.org/nar/database/summary/76,False,http://www.sorfs.org,http://www.sorfs.org,200,,,,,,,,http://dx.doi.org/10.1093/nar/gkx1130,http://academic.oup.com/nar/article/46/D1/D497/4621340

